-- MySQL dump 10.13  Distrib 8.0.21, for Win64 (x86_64)
--
-- Host: localhost    Database: information
-- ------------------------------------------------------
-- Server version	8.0.21

/*!40101 SET @OLD_CHARACTER_SET_CLIENT=@@CHARACTER_SET_CLIENT */;
/*!40101 SET @OLD_CHARACTER_SET_RESULTS=@@CHARACTER_SET_RESULTS */;
/*!40101 SET @OLD_COLLATION_CONNECTION=@@COLLATION_CONNECTION */;
/*!50503 SET NAMES utf8mb4 */;
/*!40103 SET @OLD_TIME_ZONE=@@TIME_ZONE */;
/*!40103 SET TIME_ZONE='+00:00' */;
/*!40014 SET @OLD_UNIQUE_CHECKS=@@UNIQUE_CHECKS, UNIQUE_CHECKS=0 */;
/*!40014 SET @OLD_FOREIGN_KEY_CHECKS=@@FOREIGN_KEY_CHECKS, FOREIGN_KEY_CHECKS=0 */;
/*!40101 SET @OLD_SQL_MODE=@@SQL_MODE, SQL_MODE='NO_AUTO_VALUE_ON_ZERO' */;
/*!40111 SET @OLD_SQL_NOTES=@@SQL_NOTES, SQL_NOTES=0 */;

--
-- Table structure for table `tbconfig`
--

DROP TABLE IF EXISTS `tbconfig`;
/*!40101 SET @saved_cs_client     = @@character_set_client */;
/*!50503 SET character_set_client = utf8mb4 */;
CREATE TABLE `tbconfig` (
  `id` int NOT NULL AUTO_INCREMENT,
  `name` varchar(255) NOT NULL,
  `value` varchar(255) NOT NULL,
  PRIMARY KEY (`id`)
) ENGINE=InnoDB AUTO_INCREMENT=10 DEFAULT CHARSET=utf8;
/*!40101 SET character_set_client = @saved_cs_client */;

--
-- Dumping data for table `tbconfig`
--

LOCK TABLES `tbconfig` WRITE;
/*!40000 ALTER TABLE `tbconfig` DISABLE KEYS */;
INSERT INTO `tbconfig` VALUES (1,'apiMooc','https://apidoc.mooc.cmu.ac.th/'),(2,'typefree','free'),(3,'typepay','pay'),(4,'authCourse','Basic bGlmZWxvbmdjbXU6dXd5OUNIVGdTd25QQ0NGZw=='),(5,'authStudent','Basic wDXIeGpH9bK5wHOlMeytWcsHr47TfHo5Z7Q71rL2iPRDnNVZylDUsIcB4bJM'),(6,'keyStudent','OGM1Yzg2OTE4YTcxMjZhNDVmZjc0NzkwNTU1ZGUzZmY'),(7,'urlLeaner','https://www.lifelong.cmu.ac.th/services/learner/'),(8,'serviceStudent','basic-info'),(9,'moocScore','70');
/*!40000 ALTER TABLE `tbconfig` ENABLE KEYS */;
UNLOCK TABLES;

--
-- Table structure for table `tbcourse`
--

DROP TABLE IF EXISTS `tbcourse`;
/*!40101 SET @saved_cs_client     = @@character_set_client */;
/*!50503 SET character_set_client = utf8mb4 */;
CREATE TABLE `tbcourse` (
  `id` varchar(255) NOT NULL,
  `code` varchar(255) NOT NULL,
  `title` varchar(255) NOT NULL,
  `principle` varchar(255) NOT NULL,
  `objective` varchar(255) NOT NULL,
  `detail` text,
  `facultyName` varchar(255) DEFAULT NULL,
  `lesson` text,
  `data` text,
  PRIMARY KEY (`id`)
) ENGINE=InnoDB DEFAULT CHARSET=utf8mb4 COLLATE=utf8mb4_0900_ai_ci;
/*!40101 SET character_set_client = @saved_cs_client */;

--
-- Dumping data for table `tbcourse`
--

LOCK TABLES `tbcourse` WRITE;
/*!40000 ALTER TABLE `tbcourse` DISABLE KEYS */;
INSERT INTO `tbcourse` VALUES ('27C1718F-38DF-4A60-B1FD-1829FCC8B5B5','CMU0006','การเตรียมความพร้อมในการสมัครงาน','blank','blank','คำอธิบายรายวิชา\nเมื่อการแข่งขันที่สูงขึ้นในสถานการณ์ปัจจุบันประกอบกับผลกระทบทางเศรษฐกิจ ทำให้เกิดการว่างงานเป็นจำนวนมาก หลักสูตรการเตรียมความพร้อมในการสมัครงานนี้ จะช่วยให้คุณเพิ่มความมั่นใจและการเตรียมความพร้อมในการสมัครงาน แต่ละด้านไม่ว่าจะเป็น ด้านจิตวิทยา ทัศนคติ คุณลักษณะที่พึงมี การเขียน Resume รวมถึงการสร้างความประทับใจแก่ผู้สัมภาษณ์งานด้วยการตอบคำถามและบุคลิกภาพที่ดีในการสร้างการจดจำแก่ผู้สัมภาษณ์งาน มาเตรียมความพร้อมและเพิ่มความมั่นใจด้วยการฝึกฝนพัฒนาตนเองผ่านบทเรียนในรูปแบบออนไลน์ไปพร้อมกัน\nวัตถุประสงค์การเรียนรู้\nLO1 : เพื่อนำเสนอความรู้ที่ถูกต้องและเทคนิคด้านต่าง ๆ เกี่ยวกับการสมัครงานใหม่ ให้แก่ผู้ที่สนใจ\nLO2 : เพื่อเป็นแนวทางแก่นักศึกษาจบใหม่ หรือผู้ที่กำลังสมัครงานใหม่ สามารถนำไปปฏิบัติให้เกิดประโยชน์แก่ตนเองได้\nLO3 : เพื่อส่งเสริมให้ผู้ที่สนใจเรียนหลักสูตรนี้มีการพัฒนาตนเอง','คณะมนุษยศาสตร์',NULL,'แนะนำรายวิชาการเตรียมความพร้อมในการสมัครงาน,แบบทดสอบก่อนเรียน (Pre-Test),เนื้อหาวิชา,แบบทดสอบหลังเรียน (Post-Test)'),('4C77EE58-8532-46EE-8AA9-D0C792A5B6D2','CMU0007','ไมโครกรีน (Microgreens)','blank','blank','ปัจจุบันผู้คนส่วนใหญ่หันมาใส่ใจในการดูแลสุขภาพ และใส่ใจในเรื่องของการบริโภคอาหารที่มีประโยชน์อุดมไปด้วยสารอาหารที่สำคัญและดีต่อสุขภาพมากขึ้น ซึ่งผักไมโครกรีน (Microgreens) พืชต้นจิ๋ว เป็นทางเลือกหนึ่งของคนรักสุขภาพ และนิยมบริโภคกันอย่างแพร่หลายทั้งในรูปแบบตัดแต่งพร้อมบริโภคหรือจำหน่ายพร้อมวัสดุปลูก ไมโครกรีนสามารถปลูกได้ง่าย เป็นพืชที่ใช้พื้นที่ในการปลูกน้อย สามารถปลูกได้เอง ที่บ้าน ทั้งในที่โล่งเเจ้ง เรือนกระจก หรือแม้กระทั่งบริเวณขอบหน้าต่างบ้านหรือคอนโดก็สามารถทำได้ ใช้เวลาในการปลูกเพียง 7-15 วัน สามารถรับประทานได้ หรือสามารถเก็บขายสร้างรายได้ในยุควิกฤตการณ์ โควิด-19 ได้\n','คณะเกษตรศาสตร์',NULL,'ไมโครกรีน (Microgreens),ไมโครกรีน (Microgreens),ประมวลความรู้หลังเรียน'),('8D5C76D8-7FF4-44B2-B50B-46516DE19277','CMU0010','การพัฒนาทักษะสำหรับผู้ดูแลในการสร้างความสุขให้ผู้สูงอายุ (Skill development for caregivers to create the elderly happiness)','blank','blank','ผู้สอน\nอาจารย์นายแพทย์ อดิศักดิ์ กิตติสาเรศ (อายุรศาสตร์ / คณะแพทยศาสตร์)\nคำอธิบายรายวิชา\nการดูแลผู้สูงอายุที่ดีนั้นผู้ดูแลจำเป็นต้องมีความรู้ความเข้าใจในด้านความเปลี่ยนแปลงทางด้านร่างกายและจิตใจของผู้สูงอายุเป็นอย่างดี  เพื่อให้สามารถดูแลได้ดีนั้นจำเป็นต้องเข้าใจทักษะในการจูงใจผู้สูงอายุให้มีการดูแลสุขภาพที่ดี และมีความสุขในการใช้ชีวิต ผู้ดูแลจึงมีความสำคัญเป็นอย่างมาก การพัฒนาผู้ดูแลควรเริ่มจากการเปลี่ยนแปลงที่ตัวผู้ดูแลเอง ทั้งด้านทัศนคติ และมีความรู้ความเข้าใจในการเปลี่ยนแปลงและโรคพื้นฐานที่สำคัญ ได้แก่โรคหลอดเลือดสมอง และภาวะสมองเสื่อม ซึ่งเป็นโรคที่สำคัญของผู้สูงอายุ ทำให้เกิดภาวะต้องพึ่งพิงอาศัยผู้ดูแลสูง เมื่อเข้าใจก็จะช่วยให้เกิดการดูแลที่ดีและมีคุณภาพมากยิ่งขึ้น\nคอร์สนี้เหมาะสำหรับ\nผู้ประกอบวิชาชีพผู้ดูแลผู้สูงอายุ ,บุคคลที่ต้องดูแลผู้สูงอายุ, นักศึกษาแพทย์ แพทย์ และบุคคลากรทางการแพทย์\nวัตถุประสงค์การเรียนรู้เชิงพฤติกรรม\nLO1 : ผู้เรียนสามารถ เข้าใจความสำคัญของการมีสุขภาพดีและการฟื้นฟูสำหรับผู้สูงอายุ รู้จักโรคพื้นฐานและความเปลี่ยนแปลงในผู้สูงอายุ, ผู้ป่วยโรคหลอดเลือดสมองและภาวะสมองเสื่อม\nLO2 : ผู้เรียนสามารถ เข้าใจเทคนิคในการจูงใจและสร้างความสุขให้กับผู้สูงอายุในการดูแลสุขภาพของตนเอง\nLO3 : ผู้เรียนสามารถ เข้าใจวิธีการออกกำลังกายที่ถูกต้องสำหรับผู้สูงอายุ\nLO4 : ผู้เรียนสามารถ เข้าใจความสำคัญและวิธีการดูแลผู้สูงอายุ,ผู้ป่วยโรคหลอดเลือดสมองและภาวะสมองเสื่อม แบบเป็นทีม\nLO5 : ผู้เรียนสามารถ เข้าใจความสำคัญและวิธีการดูแลสุขภาพของตนเอง','คณะแพทยศาสตร์',NULL,'การพัฒนาทักษะสำหรับผู้ดูแลในการสร้างความสุขให้ผู้สูงอายุ,แบบทดสอบก่อนเรียน (Pre-Test),บทที่ 1: รู้จักกับภาวะความเปลี่ยนแปลงในผู้สูงอายุ,บทที่ 2: เทคนิคการสร้างแรงจูงใจและสร้างความสุขให้กับผู้สูงอายุ,บทที่ 3: การออกกำลังกายให้ได้ประโยชน์,บทที่ 4: ปัจจัยแห่งความสำเร็จในการดูแลผู้สูงอายุ,บทที่ 5: ผู้ดูแลสุขภาพดี,แบบทดสอบหลังเรียน (Post Test),แบบสอบถามความพึงพอใจต่อสื่อ CMU MOOC'),('91129767-4CD3-46F1-9738-C522011134C8','CMU0005','การเลี้ยงและดูแลม้าให้เหมาะสมกับประเทศไทยพื้นฐาน (Basic of Horse care in Thailand)','blank','blank','ม้าเป็นสัตว์เลี้ยงที่มีมูลค่าดังนั้น การจับจูงและควบคุมที่ถูกต้องเป็นพื้นฐานที่สำคัญ การดูแลทำความสะอาดม้าหรือการ Grooming โดยการกราดแปรงทำความสะอาดม้าและกีบม้าถือว่าเป็นความสำคัญพื้นฐานของการดูแลม้าเพื่อให้มีผิวพรรณสะอาดสุขภาพดี ในทางสัตวแพทย์การทำความสะอาดม้าที่ถูกวิธี ถือได้ว่าเป็นการป้องกันการเกิดโรคผิวหนัง และ เป็นการตรวจความผิดปกติที่อาจพบได้ตั้งแต่เริ่มแรก เอกสารประกอบการอบรมฉบับนี้ประกอบด้วยหัวข้อ การดูแลทำความสะอาดม้า หลักการจัดการคอกม้าเพื่อเป็นประโยชน์ในการสร้างความเข้าใจ ในการจัดหาโรงเรือนที่เหมาะสม ที่มีองค์ประกอบของคอกม้าและบริเวณโดยรอบให้ปลอดภัยแก่ม้า รายละเอียดของการจัดการคอก การทำความสะอาดคอก การเปลี่ยนสิ่งปูรองนอน การกำจัดสิ่งปฏิกูล การป้องกันแมลงและสัตว์ต่าง ๆ ที่ก่อให้เกิดความรำคาญและนำโรค รวมถึงการให้อาหารที่ถูกหลัก และการจัดการคนงาน ให้เหมาะสมกับงานในคอก รวมถึง การดูแลอุปกรณ์การขี่ม้าเพื่อให้อยู่ในสภาพที่ดีพร้อมใช้งานและยืดอายุของอุปกรณ์ต่าง ๆ ด้วย อีกทั้งเป็นการลดอันตรายและการบาดเจ็บที่จะเกิดขึ้นกับม้าจากการที่อุปกรณ์ต่าง ๆ ชำรุด รวมถึงความปลอดภัยต่อผู้ขี่ม้าอีกด้วย\n','คณะสัตวแพทยศาสตร์',NULL,'การเลี้ยงและดูแลม้าให้เหมาะสมกับประเทศไทยพื้นฐาน,แบบทดสอบก่อนเรียน (Pre-Test),ตอนที่ 1: พฤติกรรมและการจับจูงควบคุมบังคับสัตว์พื้นฐาน,ตอนที่ 2: การดูแลทำความสะอาดม้า,ตอนที่ 3: การจัดการโรงเรือนและองค์ประกอบของคอกม้า,ตอนที่ 4: การดูแลอุปกรณ์การขี่ม้า,บทที่ 5: การให้อาหาร และการป้องกันโรคพื้นฐานสำหรับม้า,แบบทดสอบหลังเรียน (Post-Test),แบบสอบถามความพึงพอใจต่อสื่อ CMU MOOC'),('9CBE693A-5AA8-4625-9082-3C80D664F158','CMU0001','การปลูกและการผลิตกาแฟอย่างยั่งยืน (Coffee for Sustainable Production)','blank','blank','ศึกษาความรู้พื้นฐานของการขยายพันธุ์ การเพาะปลูก การดูแลรักษาหลังการปลูก การเก็บเกี่ยว กระบวนการหลังการเก็บเกี่ยว การแปรรูป การคั่ว และการชง','สถาบันภาษา',NULL,'แนะนำวิชา การปลูกและการผลิตกาแฟอย่างยั่งยืน,บทที่ 1: พันธุ์กาแฟ การขยายพันธุ์ และการจัดการเรือนเพาะชำ,บทที่ 2: การเพาะปลูก และการดูแลรักษาหลังการปลูก,บทที่ 3: การเก็บเกี่ยว กระบวนการหลังการเก็บเกี่ยว (การทำสารกาแฟ),เอกสารประกอบรายวิชา การปลูกและการผลิตกาแฟอย่างยั่งยืน,แบบทดสอบหลังบทเรียน,แบบสอบถามความพึงพอใจต่อสื่อ CMU MOOC'),('AF0AE325-B201-43F2-9C2B-CAA47A531937','CMU0014','หลักสูตรธนาคารน้ำใต้ดิน (Groundwater Bank)','blank','blank','คำอธิบายหลักสูตร\n“ธนาคารน้ำใต้ดิน (Groundwater Bank)” เป็นการส่งเสริมและ ถ่ายทอดองค์ความรู้เกี่ยวกับการสร้างธนาคารน้ำใต้ดินที่สามารถสร้างขึ้นได้เองทั้งระดับครัวเรือน และระดับ ชุมชน เพื่อแก้ไขปัญหาการขาดแคลนน้ำ อันจะช่วยให้เกษตรกรลดปัญหาการขาดแคลนน้ำหล่อเลี้ยงพืชผล ทางการเกษตรของตนในยามที่เกิดภัยแล้ง ก่อให้เกิดผลผลิตตามที่คาดหวังและสามารถสร้างรายได้ให้แก่ตนเอง และครอบครัว รวมถึงการลดปัญหาทางสังคมของแรงงานในภาคเกษตรกรรมที่ต้องทิ้งอาชีพเพื่อเข้ามาทำงาน ในเมืองใหญ่ หรือแม้กระทั่งแรงงานที่ตกงานอันได้รับผลกระทบจากวิกฤตการระบาดของเชื้อไวรัสโคโรนา (COVID-19) และต้องเดินทางกลับภูมิลำเนาก็สามารถเข้าสู่อาชีพเกษตรกรโดยนำเอาความรู้ เทคโนโลยี สมัยใหม่ไปพัฒนารูปแบบการทำเกษตรกรรมของตน ดังที่เรียกว่า เกษตรกรสมัยใหม่ (Smart Farmer)\nวัตถุประสงค์\nเพื่อถ่ายทอดองค์ความรู้ผ่านระบบออนไลน์ และส่งเสริมการผลิตธนาคารน้ำใต้ดินในระดับครัวเรือน และระดับชุมชน\nเพื่อให้ประชาชนมีคุณภาพชีวิตที่ดีขึ้น ลดปัญหาการขาดแคลนน้ำเพื่อการบริโภคและอุปโภคใน ช่วงเวลาที่เกิดภัยแล้ง \nเพื่อลดปัญหาน้ำท่วมในพื้นที่ ซึ่งทำความเสียหายให้แก่ผลผลิตทางการเกษตร และลดงบประมาณที่ ภาครัฐและท้องถิ่นจะต้องให้ความช่วยเหลือแก่ประชาชนจากสถานการณ์น้ำท่วม \nเพื่อแก้ปัญหาน้ำทำให้ประชาชนมีคุณภาพชีวิตที่ดีขึ้น ห่างไกลจากโรคภัยไข้เจ็บอันเกิดการอุปโภคบริโภคน้ำ ได้แก่ น้ำเค็มในพื้นที่ น้ำสกปรก ที่ไม่สะอาด เป็นต้น','สำนักบริการวิชาการ',NULL,'แนะนำรายวิชาหลักสูตรธนาคารน้ำใต้ดิน,เนื้อหารายวิชา'),('CF402C45-402A-4EE0-A8D3-F88261A16A18','CMU0011','การดูแลเด็กตามหลักฐานเชิงประจักษ์ (Evidence Based Practice in Child Care)','blank','blank','    รายวิชา Pediatric and Adolescent Nursing Practicum 2 ซึ่งเปิดสอนทั้งในหลักสูตรปกติและนานาชาติ เนื้อหาที่จะจัดให้มีการเรียนรู้ในระบบ CMU MOOC เกี่ยวกับ 5 ประเด็นหลักได้แก่ 1) หลักฐานเชิงประจักษ์ (1 ชั่วโมง) 2) การประเมินสัญญาณชีพและภาวะโภชนาการ (1 ชั่วโมง) 3) การทำความสะอาดร่างกายเด็กประจำวัน (1 ชั่วโมง) 4) การดูแลเด็กที่มีปัญหาระบบทางเดินหายใจ (1 ชั่วโมง) และ 5) การดูแลเด็กที่มีปัญหาระบบทางเดินอาหาร (1 ชั่วโมง) รวมทั้งหมดจำนวน 5 ชั่วโมงซึ่งจะถูกจัดทำขึ้นเพื่อเตรียมความพร้อมนักศึกษาพยาบาลก่อนการฝึกปฏิบัติใน สถาณการณ์จริงและเรียนรู้ในระหว่างการฝึกปฏิบัติ ในปัจจุบันพบว่า ความต้องการในการผลิตนักศึกษาพยาบาลมีจำนวนเพิ่มมากขึ้น มีนักศึกษาเข้ามาเรียนในหลักสูตรนานาชาติเพิ่มมากขึ้นทุกปี ตลอดจนมีหลักสูตรผลิตร่วมจากประเทศจีน ทำให้มีจำนวนนักศึกษาพยาบาลขึ้นฝึกปฏิบัติในหอผู้ป่วยจำนวนมาก ทำให้มีผลต่อโอกาสในการฝึกทำหัตถการต่างๆ ผู้สอนจึงมีหน้าที่ในการเตรียมความพร้อมให้กับผู้เรียนในทักษะขึ้นพื้นฐานต่างๆ ก่อนและเมื่อต้องลงมือปฏิบัติในสถานการณ์จริง ผู้เรียนจะสามารถทำหัตถการต่างๆ นั้นได้อย่างมั่นใจ ซึ่งผลดีนอกจากเกิดกับผู้เรียนแล้วยังส่งผลกระทบต่อผู้ป่วยและครอบครัวด้วย (ในการฝึกปฏิบัติจริงผู้ปกครองของทารกและเด็กจะปฏิเสธการอนุญาตให้นักศึกษาพยาบาล/หรือแม้แต่พยาบาลจบใหม่ทำหัตถการหากประเมินท่าทีของนักศึกษาแล้วดูไม่มีความมั่นใจ) ซึ่งก็จะเป็นวงจรกล่าวคือ นักศึกษาก็ขาดทักษะที่จำเป็น ทำให้ไม่สามารถให้การพยาบาลที่มีประสิทธิภาพได้\n    การดูแลประจำวันสำหรับทารกแรกเกิดหรือเด็กที่มีปัญหาสุขภาพซึ่งประกอบไปด้วย การดูแลทำความสะอาดร่างกาย การจัดเตรียมนมหรืออาหาร การนอนหลับและการจัดสิ่งแวดล้อมให้ปลอดภัยและส่งเสริมการเจริญเติบโตและพัฒนาการ ซึ่งเป็นเนื้อหาที่นักศึกษาพยาบาลทุกคนทั่วโลกจะมีหลักการในการดูแลคล้ายๆ กัน แต่ในปัจจุบันยังไม่มีสื่อทางการพยาบาลนำเสนอข้อมูลดังกล่าว รวมทั้งเรื่องการสืบค้นซึ่งเป็นอีกหนึ่งทักษะที่ควรส่งเสริมให้กับผู้เรียนในยุคที่มีความก้าวหน้าทางเทคโนโลยีและเต็มไปด้วยข้อมูล แต่จะเลือกนำข้อมูลที่ดีและคุณภาพไปใช้ได้อย่างไรเป็นอีกบทบาทที่ผู้สอนควรให้การสนับสนุนผู้เรียนได้เกิดการเรียนรู้ต่อไป','คณะพยาบาลศาสตร์',NULL,'การดูแลเด็กตามหลักฐานเชิงประจักษ์ (Evidence Based Practice in Child Care),แบบทดสอบก่อนเรียน (Pre-Test),บทที่ 1: หลักฐานเชิงประจักษ์ (Evidence Based Practice),บทที่ 2: การดูแลประจำวัน (Daily care),บทที่ 3: การสร้างเสริมสุขภาพ (Health promotion),บทที่ 4: การดูแลเด็กที่มีปัญหาระบบทางเดินหายใจ (Respiratory care),บทที่ 5: การดูแลเด็กมีปัญหาระบบทางเดินอาหาร (Gastrointestinal care),แบบทดสอบหลังเรียน (Post Test),แบบสอบถามความพึงพอใจต่อสื่อ CMU MOOC'),('D035CAB9-89C9-4B25-BF50-76D93768E0DC','CMU0013','หลักสูตรเทคโนโลยีการฟื้นฟูป่า (Forest Restoration Technology)','blank','blank','คำอธิบายหลักสูตร\nหลักสูตรเทคโนโลยีการฟื้นฟูป่า จัดโดยศูนย์ธรรมชาติวิทยาดอยสุเทพเฉลิมพระเกียรติฯ ร่วมกับหน่วยวิจัยการฟื้นฟูป่า (FORRU) คณะวิทยาศาสตร์ มหาวิทยาลัยเชียงใหม่ เป็นหลักสูตรอบรมระยะสั้นเพื่อการรับรองสมรรถนะสำหรับผู้สนใจทุกกลุ่มเป้าหมายได้มีโอกาสเรียนรู้เรื่องราวเกี่ยวกับขั้นตอนการฟื้นฟูป่าให้เหมาะสมกับบริบทพื้นที่ แนวคิดและแนวปฏิบัติสำหรับการฟื้นฟูป่าเขตร้อน เทคนิคการฟื้นฟูป่าด้วยวิธีพรรณไม้โครงสร้าง การใช้เทคโนโลยีในการฟื้นฟูป่า รวมทั้งการออกแบบและสร้างเรือนเพาะชำกล้าไม้ เพื่อให้ผู้เรียนสามารถวางแผนขั้นตอนการฟื้นฟูป่าให้เหมาะสมกับบริบทพื้นที่ได้ ตลอดจนตระหนักถึงคุณค่าและความสำคัญของการอนุรักษ์ทรัพยากรธรรมชาติและสิ่งแวดล้อม โดยเนื้อหาแบ่งเป็นการอบรมภาคทฤษฎีจำนวน 8 หัวข้อ และการอบรมภาคปฏิบัติ จำนวน 7 หัวข้อ ในรูปแบบออนไลน์ทั้งหมด นอกจากนั้น ยังมีการฝึกปฏิบัติทดลองการเพาะเมล็ดซึ่งทางหลักสูตรจะจัดส่งชุดอุปกรณ์ให้ผู้เรียนถึงบ้าน สำหรับผู้ที่จบหลักสูตรนี้จะได้ใบรับรองสมรรถนะด้านความสามารถในการวางแผนขั้นตอนการฟื้นฟูป่าให้เหมาะสมกับบริบทพื้นที่ ที่ออกโดยมหาวิทยาลัยเชียงใหม่\nวัตถุประสงค์\n1) เพื่อให้ผู้เรียนมีความสามารถในการวางแผนขั้นตอนการฟื้นฟูป่าให้เหมาะสมกับบริบทพื้นที่\n2) เพื่อให้ผู้เรียนตระหนักถึงคุณค่าและความสำคัญของการอนุรักษ์ทรัพยากรธรรมชาติและสิ่งแวดล้อม\nความต้องการพื้นฐานของผู้เรียน\nบุคคลทั่วไปที่มีความสนใจในการฟื้นฟูป่า การปลูกต้นไม้ การอนุรักษ์ทรัพยากรธรรมชาติและสิ่งแวดล้อม\nเนื้อหาการสอนและรายละเอียด+ชื่อผู้สอนในแต่ละบทเรียน\n1. ระบบนิเวศป่าไม้ของประเทศไทย\n  - ผู้ช่วยศาสตราจารย์ ดร.สุทธาธร ไชยเรืองศรี\n2. ระดับความเสื่อมโทรมของพื้นที่\n  - ผู้ช่วยศาสตราจารย์ ดร.พิมลรัตน์ เทียนสวัสดิ์\n3. เทคนิคการฟื้นฟูป่าที่เหมาะสมกับระดับความเสื่อมโทรมของพื้นที่\n  - อาจารย์ ดร.เดีย พนิตนาถ แชนนอน\n4. ค่าใช้จ่ายและประโยชน์ของการฟื้นฟูป่า และความสำคัญของหอพรรณไม้ในการฟื้นฟูป่า\n  - รองศาสตราจารย์ ดร.สตีเฟน เอลเลียต\n  - ผู้ช่วยศาสตราจารย์ ดร.พิมลรัตน์ เทียนสวัสดิ์\n5. การเลือกชนิดไม้ยืนต้นเพื่อการฟื้นฟูป่า\n  - ผู้ช่วยศาสตราจารย์ ดร.สุทธาธร ไชยเรืองศรี\n6. การสำรวจสภาพแวดล้อมของพื้นที่ก่อนการฟื้นฟู\n  - อาจารย์ ดร.เดีย พนิตนาถ แชนนอน\n7. อนาคตของการฟื้นฟูป่า : การฟื้นฟูป่าแบบอัตโนมัติ\n  - รองศาสตราจารย์ ดร.สตีเฟน เอลเลียต\n8. การดูแลพื้นที่หลังการฟื้นฟู และการติดตามผลการฟื้นฟูป่า\n  - อาจารย์ ดร.เดีย พนิตนาถ แชนนอน\n(ผู้สอนภาคทฤษฎี – คณาจารย์จากภาควิชาชีววิทยา คณะวิทยาศาสตร์ มหาวิทยาลัยเชียงใหม่)\nภาคปฏิบัติ (จำนวน 7 หัวข้อ)\n1. การสำรวจสภาพแวดล้อมของพื้นที่ก่อนการฟื้นฟูจากภาคพื้นดิน และอากาศยานไร้คนขับ\n2. การวิเคราะห์ภาพถ่ายเบื้องต้น\n3. การวางแผนการฟื้นฟูป่า กรณีศึกษาจากม่อนล่อง\n4. การเก็บข้อมูลชีพลักษณ์ ตัวอย่างพรรณไม้อ้างอิง และการเก็บเมล็ด\n5. การจัดการเมล็ด และต้นกล้าในเรือนเพาะชำ\n6. การเตรียมพื้นที่และการเตรียมต้นกล้าก่อนการฟื้นฟู\n7. การปลูกต้นกล้า และการดูแลต้นกล้าหลังการปลูก\n(ผู้สอนภาคปฏิบัติ – คณาจารย์และบุคลากรจากหน่วยวิจัยการฟื้นฟูป่า (FORRU) คณะวิทยาศาสตร์มหาวิทยาลัยเชียงใหม่)','คณะวิทยาศาสตร์',NULL,'หลักสูตรเทคโนโลยีการฟื้นฟูป่า (Forest Restoration Technology),หัวข้อที่ 1 : ระบบนิเวศป่าไม้ของประเทศไทย,หัวข้อที่ 2 : ระดับความเสื่อมโทรมของพื้นที่,หัวข้อที่ 3 : เทคนิคการฟื้นฟูป่าที่เหมาะสมกับระดับความเสื่อมโทรมของพื้นที่,หัวข้อที่ 4 : ค่าใช้จ่ายและประโยชน์ของการฟื้นฟูป่า และความสำคัญของหอพรรณไม้ในการฟื้นฟูป่า,หัวข้อที่ 5 : การเลือกชนิดไม้ยืนต้นเพื่อการฟื้นฟูป่า,หัวข้อที่ 6 : การสำรวจสภาพแวดล้อมของพื้นที่ก่อนการฟื้นฟู,หัวข้อที่ 7 : อนาคตของการฟื้นฟูป่า : การฟื้นฟูป่าแบบอัตโนมัติ,หัวข้อที่ 8 : การดูแลพื้นที่หลังการฟื้นฟู และการติดตามผลการฟื้นฟูป่า,หลักสูตรเทคโนโลยีการฟื้นฟูป่า (ภาคปฏิบัติ)'),('E599720A-4083-4B01-A60F-540457BECAE5','CMU0012','การแปรรูปมะม่วงเพื่อสร้างอาชีพ','blank','blank','การจัดการหลักสูตรเพื่อส่งเสริมอาชีพในปัจจุบันมีความสำคัญอย่างมาก เนื่องจากเป็นการพัฒนาประชาชนของประเทศให้มีความรู้ ความสามารถ และเพิ่มทักษะในการประกอบอาชีพ ซึ่งเป็นการแก้ปัญหาการว่างงาน และส่งเสริมความเข้มแข็งให้แก่เศรษฐกิจชุมชน ตลอดจนกำหนดภารกิจที่จะยกระดับการจัดการศึกษา เพื่อเพิ่มศักยภาพและขีดความสามารถให้แก่ประชาชนให้มีอาชีพที่สามารถสร้างรายได้ที่มั่นคง\n','คณะอุตสาหกรรมเกษตร',NULL,'แนะนำรายวิชาการแปรรูปมะม่วงเพื่อสร้างอาชีพ,เนื้อหารายวิชา,แบบทดสอบประมวลความรู้'),('E5FD3A15-5A84-4CC6-8484-4BC90247831A','CMU0003','สปาเพื่อสุขภาพ (Spa for health)','blank','blank','?\n?\nแนวคิดและทฤษฎีเกี่ยวกับสปาเพื่อสุขภาพ การดูแลสุขภาพแบบองค์รวม ความหมายชนิด และกิจกรรมการดูแลสุขภาพในสปา การดำเนินการงานสปาที่มีคุณภาพมาตรฐานและบริการสปาในการดูแลสุขภาพที่สอดคล\n้องกับวัฒนธรรมไทย ผลิตภัณฑ์และอุ\nปกรณที่ใช้ในสปา การนวดเพื่อสุขภาพ การใช้น้ำในการบำบัด และการใช้น้ำมันหอมระเหย อาหารเพื่อสุขภาพ การใช้น้ำการบำบัด และการใช้น้ำมันหอมระเหย อาหารเพื่อสุขภาพ\nและการผ่อน\nคลายความเครียด\n\n','คณะพยาบาลศาสตร์',NULL,'แนะนำวิชา สปาเพื่อสุขภาพ,บทที่ 1 : ความรู้ทั่วไปเกี่ยวกับสปา,บทที่ 2 : ธุรกิจสปา,บทที่ 3 : บริการสปา,แบบทดสอบหลังเรียน (Post Test),แบบสอบถามความพึงพอใจต่อสื่อ CMU MOOC'),('E744EA4B-3650-4A4A-856A-32A89E83B30E','CMU0009','ภาวะเบาหวานขณะตั้งครรภ์ (Gestational Diabetes Mellitus)','blank','blank','ผู้สอน\nรศ. ดร.เกสรา ศรีพิชญาการ\nกลุ่มวิชาการพยาบาลสูติศาสตร์และนรีเวชวิทยา คณะพยาบาลศาสตร์ มหาวิทยาลัยเชียงใหม่\nคำอธิบายรายวิชา\nในระยะตั้งครรภ์ สตรีตั้งครรภ์ต้องการการดูแลใกล้ชิดในระยะคลอดและหลังคลอด ในระยะคลอดสตรีตั้งครรภ์มีโอกาสเกิดทั้งภาวะน้ำตาลในเลือดต่ำและสูง และภาวะเลือดเป็นกรด ซึ่งมีอันตรายต่อทารกในครรภ์มาก ต้องมีการควบคุมปริมาณน้ำตาลที่ให้ทางหลอดเลือดดำ และติดตามตรวจระดับน้ำตาลในเลือดและการเต้นของหัวใจทารกอยู่เสมอ ในระยะแรกคลอดทารกต้องได้รับการดูแลโดยกุมารแพทย์ ส่วนใหญ่ให้งดนมและน้ำทางปากไว้ก่อน เฝ้าดูอาการและตรวจระดับน้ำตาลอยู่เสมอ บางรายต้องให้สารน้ำและน้ำตาลทางหลอดเลือดดำ ทารกมีโอกาสเกิดภาวะน้ำตาลในเลือดต่ำซึ่งจะเป็นอันตรายต่อสมองทารกได้ นอกจากนั้น ยังมีภาวะแทรกซ้อนอื่น ๆ ได้อีก เมื่อปลอดภัยแล้วจึงให้กินแม่ได้ ส่วนมารดานั้นพยาบาลต้องอธิบายเรื่องโรคเบาหวาน เน้นเรื่องความเสี่ยงที่จะเป็นเบาหวาน และมาตรวจอย่างสม่ำเสมอ หากเป็นให้รีบรักษาทันทีไม่ปล่อยไว้จนเกิดภาวะแทรกซ้อนแล้วจึงมารับการรักษา ส่วนบุตรให้ระมัดระวังการเป็นโรคเบาหวานเช่นกันและมารับการตรวจอย่างสม่ำเสมอ\nคอร์สนี้เหมาะสำหรับ\nสตรีตั้งครรภ์ บุคลากรสุขภาพหน่วยฝากครรภ์คลอดหลังคลอด\nวัตถุประสงค์การเรียนรู้เชิงพฤติกรรม\nLO1 :ผู้เรียนสามารถ อธิบายแนวคิดพื้นฐานของภาวะเบาหวานในสตรีตั้งครรภ์ได้\nLO2 :ผู้เรียนสามารถ อธิบายการคัดกรอง การตรวจและการรักษาภาวะเบาหวานในสตรีตั้งครรภ์ได้\nLO3:ผู้เรียนสามารถ ประยุกต์และให้การดูแลสตรีในระยะตั้งครรภ์ที่เป็นเบาหวานทารกในครรภ์ และครอบครัวได้\nLO4:ผู้เรียนสามารถ ประยุกต์และให้การดูแลสตรีในระยะคลอดที่เป็นเบาหวาน ทารกในครรภ์ และครอบครัวได้\nLO5:ผู้เรียนสามารถ ประยุกต์และให้การดูแลสตรีในระยะหลังคลอดที่เป็นเบาหวาน ทารกแรกเกิดและครอบครัวได้','คณะพยาบาลศาสตร์',NULL,'ภาวะเบาหวานในสตรีตั้งครรภ์,บทที่ 1: โรคเบาหวานในสตรีตั้งครรภ์,บทที่ 2: การคัดกรอง การวินิจฉัย และการรักษาภาวะเบาหวานในสตรีตั้งครรภ์,บทที่ 3: การประยุกต์และให้การดูแลสตรีในระยะตั้งครรภ์ที่เป็นเบาหวาน ทารกในครรภ์ และครอบครั;,บทที่ 4: ประยุกต์และการดูแลสตรีในระยะคลอดที่เป็นเบาหวาน ทารกแรกเกิด และครอบครัว,บทที่ 5: ประยุกต์และการดูแลสตรีในระยะหลังคลอดที่เป็นเบาหวาน ทารกแรกเกิด และครอบครัว,แบบสอบถามความพึงพอใจต่อสื่อ CMU MOOC'),('F8375131-8B80-4299-9BCE-ADC60FF40CFB','CMU0002','ส่องธุรกิจปทุมมา อาชีพเสริมเพิ่มรายได้ (Curcuma”, Side Business for Extra Income)','blank','blank','คำอธิบายหลักสูตร\nศึกษาสัณฐานวิทยาของพืชกลุ่มปทุมมาและกระเจียว ศักยภาพการตลาด การปลูกและการจัดการหลังเก็บเกี่ยว และการจำหน่วยในประเทศและการส่งออก\nวัตถุประสงค์\n1) ผู้เรียนสามารถ อธิบายสัณฐานวิทยาของปทุมมาและกระเจียวได้\n2) ผู้เรียนสามารถ อธิบายการปลูกและการจัดการหลังเก็บเกี่ยวปทุมมาและกระเจียวได้\n3) ผู้เรียนสามารถ อธิบายศักยภาพการตลาดของปทุมมาและกระเจียวได้\n4) ผู้เรียนสามารถ อธิบายการจำหน่ายในประเทศและการส่งออกปทุมมาและกระเจียวได้\nความต้องการพื้นฐานของผู้เรียน\nบุคคลทั่วไปที่มีความสนใจในพืชกลุ่มปทุมมาและกระเจียว ศักยภาพการตลาด การปลูกและการจัดการหลังเก็บเกี่ยว และการจำหน่วยในประเทศและการส่งออก\nเนื้อหาการสอนและรายละเอียด\n1) สัณฐานวิทยาของปทุมมาและกระเจียว\n2) การปลูกและการจัดการหลังเก็บเกี่ยวปทุมมาและกระเจียว\n3) ศักยภาพการตลาดของปทุมมาและกระเจียว\n4) การจำหน่ายในประเทศและการส่งออกปทุมมาและกระเจียว\n(ผู้สอนภาคทฤษฎี –\nดร.โสระยา ร่วมรังษีภาควิชาพืชศาสตร์และปฐพีศาสตร์ คณะเกษตรศาสตร์ มหาวิทยาลัยเชียงใหม่\n)','คณะเกษตรศาสตร์',NULL,'แนะนำรายวิชาส่องธุรกิจปทุมมา อาชีพเสริมเพิ่มรายได้,บทที่ 1: สัณฐานวิทยาของปทุมมาและกระเจียว,บทที่ 2: การปลูกและการจัดการหลังเก็บเกี่ยว,บทที่ 3: ศักยภาพด้านการตลาด,บทที่ 4: การจำหน่ายในประเทศและการส่งออก,แบบทดสอบหลังเรียน,แบบสอบถามความพึงพอใจต่อสื่อ CMU MOOC');
/*!40000 ALTER TABLE `tbcourse` ENABLE KEYS */;
UNLOCK TABLES;

--
-- Table structure for table `tbstudent`
--

DROP TABLE IF EXISTS `tbstudent`;
/*!40101 SET @saved_cs_client     = @@character_set_client */;
/*!50503 SET character_set_client = utf8mb4 */;
CREATE TABLE `tbstudent` (
  `code` int NOT NULL,
  `nameTh` varchar(255) NOT NULL,
  `nameEn` varchar(255) NOT NULL,
  `email` varchar(255) NOT NULL,
  `phone` varchar(16) DEFAULT NULL,
  PRIMARY KEY (`code`)
) ENGINE=InnoDB DEFAULT CHARSET=utf8mb4 COLLATE=utf8mb4_0900_ai_ci;
/*!40101 SET character_set_client = @saved_cs_client */;

--
-- Dumping data for table `tbstudent`
--

LOCK TABLES `tbstudent` WRITE;
/*!40000 ALTER TABLE `tbstudent` DISABLE KEYS */;
INSERT INTO `tbstudent` VALUES (639500312,'นางสาว ปภาวดี กอบกำ','Miss PAPAWADEE KOBKAM','papawadee.kobkam@lifelong.cmu.ac.th','0980061399'),(639500324,'นาย ปิยะณัฐ ไชยเพ็ชร','Mr. PIYANAT CHAIPHET','piyanat.chaiphet@lifelong.cmu.ac.th','0848099253'),(639500636,'นางสาว พนิดา หินแก้ว','Miss PANIDA HINKAEW','panida.h@lifelong.cmu.ac.th','0835645664'),(639500795,'นาย ปิยะ แสนชู','Mr. PIYA SAENCHU','piya.s@lifelong.cmu.ac.th','0982689025'),(639501053,'นางสาว ปรัชญาพร เจริญภักดี','Miss PRACHAYAPORN CHAROENPAKDEE','prachayaporn.c@lifelong.cmu.ac.th','0819800821'),(639501582,'นางสาว ฉันชนก ราศรี','Miss CHANCHANOK RASRI','chanchanok.r@lifelong.cmu.ac.th','0910290710'),(639501834,'นางสาว สิริกร พันปี','Miss SIRIKORN PHANPEE','sirikorn.p@lifelong.cmu.ac.th','0823348061'),(639502028,'นาย ภาณุศรัณย์ ภูเดชาประเสริฐ','Mr. PANUSARUN PUDACHAPRASERT','panusarun.p@lifelong.cmu.ac.th','0984391558'),(639504172,'นาย สุรเชษฎ์ เดชมณี','Mr. SURACHET DECHMANEE','surachet.d@lifelong.cmu.ac.th','0878990035'),(639504607,'นาง ชุลีกร วรยิ่งยง','Mrs. CHULEEKORN VORAYINGYONG','chuleekorn.v@lifelong.cmu.ac.th','0618399991'),(639504849,'นาย ภาสกร ทองคำ','Mr. PASAKORN THONGKHAM','pasakorn.t@lifelong.cmu.ac.th','0827859878'),(639504986,'นางสาว ธัญวรัตน์ กลิ่นจันทร์','Miss THUNWARUT KLINJAN','thunwarut.k@lifelong.cmu.ac.th','0909977446'),(639505267,'นาย ชนาธิป เหลืองชาลี','Mr. CHANATHIP LUANGCHALEE','chanathip.l@lifelong.cmu.ac.th','0935530851'),(639505481,'นางสาว นางสาวกัญญาณัฐ นิติกร','Miss KANYANAT NITIKON','kanyanat.n@lifelong.cmu.ac.th','0643356363'),(639505563,'นางสาว ศิริกาญจน์ ปินใจ','Miss SIRIKARN PINJAI','sirikarn.p@lifelong.cmu.ac.th','0993715884'),(639505878,'นางสาว ธันทิวา ภักดีภัทรากร','Miss THUNTIWA PAKDEEPATRAKORN','thuntiwa.p@lifelong.cmu.ac.th','0835170440'),(639506032,'นางสาว ชนัตฎา ดำเงิน','Miss CHANATDA DAMNGERN','chanatda.d@lifelong.cmu.ac.th','0822822077'),(639506034,'นาย ศิวกร พิภพไพศาล','Mr. SIWAKORN PIPOPPAISAN','siwakorn.p@lifelong.cmu.ac.th','0876190532'),(639506572,'นางสาว ณัฐฌา สิทธิศักดิ์','Miss NATCHA SITTISAK','natcha.s23@lifelong.cmu.ac.th','0933279655'),(639506681,'นางสาว ณัฏฐ์รดา ภูวพัฒน์โยธิน','Miss NATRADA PHUWAPATYOTIN','natrada.p@lifelong.cmu.ac.th','0914462275'),(639506683,'นางสาว ศุภดา อังกุรวสพร','Miss SUPADA AUNGULAVASAPOL','supada.a@lifelong.cmu.ac.th','0951348992'),(639506684,'นางสาว มนัสวี ศรัทธา','Miss MANUSSAVEE SATTHA','manussavee.s@lifelong.cmu.ac.th','0979233978'),(639506685,'นางสาว กนกรัชต์ มั่งสุวรรณ','Miss KANOKRUT MANGSUWAN','kanokrut.m@lifelong.cmu.ac.th','0943504984'),(639506686,'นางสาว ปาณิสรา สีสัน','Miss PANISARA SEESAN','panisara.s@lifelong.cmu.ac.th','0944939123'),(639506689,'นางสาว กัญญาณัฐ ขำคม','Miss KANYANAT KHAMKOM','kanyanat.k@lifelong.cmu.ac.th','0831567247'),(639506691,'นางสาว ณัฐธินี สุวรรณภารต','Miss NUTTHINEE SUWANNAPARATA','nutthinee.s@lifelong.cmu.ac.th','0956757365'),(639506692,'นาย รัฐ คุณานุวัฒน์ชัยเดช','Mr. RAT KUNANUWATCHAIDETCH','rat.k@lifelong.cmu.ac.th','0823884612'),(639506693,'นาย ธงธรรม ต่ายโพธิ์','Mr. THONGTUM TAIPHO','thongtum.t@lifelong.cmu.ac.th','0641314445'),(639506694,'นาย ปิยพงค์ ปุกคำ','Mr. PIYAPONG PUKKHAM','piyapong.p@lifelong.cmu.ac.th','0907578041'),(639506698,'นางสาว รัตนวดี พูลสวัสดิ์','Miss RATTANAWADEE PHUNSAWAT','rattanawadee.p@lifelong.cmu.ac.th','0823933272'),(639506699,'นางสาว มิคุ ทานากะ','Miss MIKU TANAKA','miku.t@lifelong.cmu.ac.th','0931370014'),(639506706,'นางสาว ณัฎฐณิชา อันภักดี','Miss NATTANICHA UNPUKDEE','nattanicha.u@lifelong.cmu.ac.th','0820523620'),(639506709,'นาย เศรษฐชัย สุวรรณเศรษฐ์','Mr. SETTACHAI SUVANNASEAT','settachai.s@lifelong.cmu.ac.th','0613237549'),(639506727,'นางสาว นิด แซ่เจียง','Miss NID SAE-JIANG','nid.s@lifelong.cmu.ac.th','0947307494'),(639506739,'นาย พรรณเชษฐ กิจจะ','Mr. PANNACHET KIJJA','pannachet.k@lifelong.cmu.ac.th','0928471378'),(639506862,'นาย สัณหภาส เจนใจ','Mr. SANHAPAS JENJAI','sanhapas.j@lifelong.cmu.ac.th','0958390219'),(639506885,'นางสาว นุช กันทา','Miss NUCH KANTA','nuch.k@lifelong.cmu.ac.th','0939106632'),(639506914,'นางสาว ออมศิลป โรงคำ','Miss AOMSILP RONGKOME','aomsilp.r@lifelong.cmu.ac.th','0823869305'),(639506932,'นางสาว จิรนันท์ มะลิแก้ว','Miss JIRANAN MALIKAEW','jiranan.m@lifelong.cmu.ac.th','0869210850'),(639506963,'นางสาว จิรอร พรมเทศ','Miss JIRAON PROMTHED','jiraon.p@lifelong.cmu.ac.th','0873571990'),(639506966,'นางสาว จิรนันท์ นวลใส','Miss CHIRANAN NUALSAI','chiranan.n@lifelong.cmu.ac.th','0992373481'),(639507022,'นาย วรกานต์ พรพรหมพิพัฒน์','Mr. WORAKAN PORNPROMPIPAT','worakan.p@lifelong.cmu.ac.th','0882813030'),(639507025,'นางสาว สรวงสุดา อนันต๊ะ','Miss SUANGSUDA ANANTA','suangsuda.a@lifelong.cmu.ac.th','0829317990'),(639507040,'นาย ณัฐพงศ์ นุ่มตูม','Mr. NATTHAPONG NUMTOOM','natthapong.n@lifelong.cmu.ac.th','0874316127'),(639507044,'นางสาว ณิชากร สุวรรณรินทร์','Miss NICHAKRON SUWANNARIN','nichakron.s@lifelong.cmu.ac.th','0903186641'),(639507060,'นางสาว รัชนีกร พิมพาเรียน','Miss RATCHANEEKORN PIMPARIAN','ratchaneekorn.p@lifelong.cmu.ac.th','0824091935'),(639507072,'นาย รัชชานนท์ พังยะ','Mr. RATCHANON PUNGYA','ratchanon.pu@lifelong.cmu.ac.th','0957516604'),(639507079,'นาย สุวิจักขณ์ ยันงาม','Mr. SUWIJAK YANNGAM','suwijak.y@lifelong.cmu.ac.th','0952565937'),(639507100,'นางสาว เปรมยุดา เดชนาวี','Miss PREMYUDA DETNAWEE','premyuda.d@lifelong.cmu.ac.th','0917890211'),(639507102,'นางสาว ณิชาภัทร จันต๊ะนาเขต','Miss NICHAPAT JANTANAKHET','nichapat.j@lifelong.cmu.ac.th','0981016920'),(639507105,'นางสาว พรรณ​ภา สอนบุญ​','Miss PHANNAPHA SORNBOON​','phannapha.s@lifelong.cmu.ac.th','0996287218'),(639507107,'นางสาว สุจิตรา นันพนัก','Miss SUJITRA NANPANAK','sujitra.na@lifelong.cmu.ac.th','0642309098'),(639507111,'นาย สมคิด แสนจ้าง','Mr. SOMKID SAENCHANG','somkid.s@lifelong.cmu.ac.th','0882671528'),(639507114,'นางสาว พิชญา พาฬอนุรักษ์','Miss PICHAYA PANANURAK','pichaya.pa@lifelong.cmu.ac.th','0846109457'),(639507139,'นางสาว ชยาภรณ์ สุนทรส','Miss CHAYAPORN SUNTAROS','chayaporn.s@lifelong.cmu.ac.th','0882538613'),(639507142,'นาย ชาญเมธา ปฐมทิตรเมธา','Mr. CHANMETHA PATOMTITARAMETHA','chanmetha.p@lifelong.cmu.ac.th','0900549496'),(639507149,'นางสาว นภัสวรรณ เตชกัน','Miss NAPATSAWAN TECHAKAN','napatsawan.t@lifelong.cmu.ac.th','0882645615'),(639507158,'นางสาว พรรณพิมล ตรีธรรมพินิจ','Miss PANPIMON TRITHAMMAPINIT','panpimon.t@lifelong.cmu.ac.th','0910251095'),(639507161,'นาย พงษธร ภิราษร','Mr. PONGSATHORN PHIRASORN','pongsathorn.p@lifelong.cmu.ac.th','0875758100'),(639507165,'นางสาว เมลานี ดิงเกลไดน์','Miss MELANIE DINGELDEIN','melanie.d@lifelong.cmu.ac.th','0931305100'),(639507167,'นางสาว ธัญสุดา จะยี','Miss TANSUDA CHAYEE','tansuda.c@lifelong.cmu.ac.th','0808469653'),(639507177,'นาย รุ่งอรุณ จะที','Mr. RUNGARUN JATEE','rungarun.j@lifelong.cmu.ac.th','0931640259'),(639507183,'นางสาว พิมพ์ชนก กะสาชีพ','Miss PIMCHANOK KASACHEEP','pimchanok.ka@lifelong.cmu.ac.th','0903241425'),(639507189,'นาย อภิมุข อินทรศร','Mr. APIMUK INTHARASORN','apimuk.i@lifelong.cmu.ac.th','0620481998'),(639507206,'นางสาว อรอนงค์ กิตต์อนันต์','Miss AONANONG KITANUN','aonanong.k@lifelong.cmu.ac.th','0612173264'),(639507209,'นางสาว จุฑามาศ ชยุตกุลศิริ','Miss JUTHAMAS CHAYUTKULSIRI','juthamas.ch@lifelong.cmu.ac.th','0922902539'),(639507218,'นางสาว ปณาลี พรพลวัฒน์','Miss PANALEE PORNPHOLWAT','panalee.p@lifelong.cmu.ac.th','0630766656'),(639507236,'นาย ตันติกร นามปา','Mr. TUNTIKRON NAMPA','tuntikron.n@lifelong.cmu.ac.th','0918492588'),(639507275,'นางสาว สุจารี อินตา','Miss SUJAREE INTA','sujaree.i@lifelong.cmu.ac.th','0824815868'),(639507298,'นางสาว เบญจวรรณ มะลิสุวรรณ','Miss BENJAWAN MALISUWAN','benjawan.m@lifelong.cmu.ac.th','0625838682'),(639507304,'นาย รัฐพงศ์ แต้มสี','Mr. RATTAPONG TAMSEE','rattapong.t@lifelong.cmu.ac.th','0996176270'),(639507320,'นางสาว ภูษณิศา ไกรสุทรังค์','Miss PUSANISA KRAISUTARANG','pusanisa.k@lifelong.cmu.ac.th','0918546247'),(639507323,'นางสาว ดวงกมล วรรณทอง','Miss DUANGKAMOL WANNATONG','duangkamol.w@lifelong.cmu.ac.th','0955676461'),(639507330,'นางสาว รัชญา รัตนเดชาวุฒิ','Miss RACHAYA RATTANADECHAWUT','rachaya.r@lifelong.cmu.ac.th','0988898915'),(639507338,'นางสาว อริสา วงศ์จีนาพันธุ์','Miss ARISA VONGJEENAPHAN','arisa.v@lifelong.cmu.ac.th','0942517090'),(639507349,'นางสาว สุมาลี เมืองดี','Miss SUMALEE MUANGDEE','sumalee.m@lifelong.cmu.ac.th','0869157992'),(639507357,'นางสาว ภัทรกาญจน์ ประพันธ์','Miss PATTARAKAN PRAPAN','pattarakan.p@lifelong.cmu.ac.th','0869389286'),(639507359,'นางสาว หงาหยิ่น ฉั่น','Miss NGAYIN CHAN','ngayin.c@lifelong.cmu.ac.th','0946012336'),(639507367,'นางสาว สิริวรี สงคราม','Miss SIRIVAREE SONGKHARM','sirivaree.s@lifelong.cmu.ac.th','0829029077'),(639507402,'นางสาว นันทพร รัตนพรม','Miss NANTHAPORN RATTANAPROM','nanthaporn.r@lifelong.cmu.ac.th','0917289951'),(639507417,'นางสาว นิชา นาราศรี','Miss NICHA NARASRI','nicha.n@lifelong.cmu.ac.th','0979239194'),(639507419,'นางสาว ศรัณย์ภัทร บุญทิพย์','Miss SARUNPHAT BOONTHIP','sarunphat.b@lifelong.cmu.ac.th','0987496510'),(639507424,'นางสาว วรัญญา มะศักดิ์','Miss WARANYA MASAK','waranya.m@lifelong.cmu.ac.th','0620301001'),(639507431,'นางสาว ทิวานันท์ กาวินันท์','Miss TIWANUN KAWINUN','tiwanun.k@lifelong.cmu.ac.th','0952121029'),(639507437,'นางสาว จิราภรณ์ อุทธิยา','Miss JIRAPORN AUTTHIYA','jiraporn.au@lifelong.cmu.ac.th','0952975928'),(639507461,'นางสาว กัลยกร พัวศรีพันธุ์','Miss KALYAKORN PHUASRIPHANTH','kalyakorn.p@lifelong.cmu.ac.th','0816819008'),(639507485,'นางสาว ศุภรดา รักศิลปกิจ','Miss SOOPARADAR RUKSILPAKITT','sooparadar.r@lifelong.cmu.ac.th','0869148479'),(639507574,'นาย นรินทร์ ร่มโพธิ์','Mr. NARIN ROMPO','narin.r@lifelong.cmu.ac.th','0814039696'),(639507712,'นางสาว ซาร่าห์ เบราดิต','Miss SARA BERARDI','sara.b@lifelong.cmu.ac.th','0931317799'),(639507734,'นางสาว เรือนเพชร เกิดสินธุ์','Miss RUENPETCH KERDSIN','ruenpetch.k@lifelong.cmu.ac.th','0623845340'),(639507739,'นาย วัชรกร ราชคม','Mr. WATCHARAKORN RATCHAKOM','watcharakorn.r@lifelong.cmu.ac.th','0617107757'),(639507749,'นางสาว ณฐมน น้อยแสง','Miss NATHAMON NOISAENG','nathamon.n@lifelong.cmu.ac.th','0855914631'),(639507751,'นางสาว พลอยกมล เลาหศุภศิริ','Miss PLOYKAMOL LAOHASUPASIRI','ploykamol.l@lifelong.cmu.ac.th','0617273788'),(639507753,'นางสาว ปิยากร เชาวน์ประยูร','Miss PIYAKORN CHOWPRAYOON','piyakorn.c@lifelong.cmu.ac.th','0955782535'),(639507765,'นางสาว อาภัสรา คงหล่อ','Miss ARPATSARA KHONGLOR','arpatsara.k@lifelong.cmu.ac.th','0638015917'),(639507792,'นางสาว เปมิกา คำโมนะ','Miss PEMIKA KHAMMONA','pemika.k@lifelong.cmu.ac.th','0636013223'),(639507825,'นาย ปราชญ์ อยู่เจริญดี','Mr. PRAJ YOOCHAROENDEE','praj.y@lifelong.cmu.ac.th','0863946433'),(639507840,'นางสาว อรุณี ไชยวงค์','Miss ARUNEE CHAIWONG','arunee.ch@lifelong.cmu.ac.th','0819503210'),(639507844,'นางสาว วรวลัญช์ สุนทราวิรัตน์','Miss WORAWARAN SOONTARAVIRAT','worawaran.s@lifelong.cmu.ac.th','0824858911'),(639507851,'นางสาว พิมพิมล สุทธิมูลนาม','Miss PIMPIMON SUTHIMOONNAM','pimpimon.s@lifelong.cmu.ac.th','0659165919'),(639507855,'นางสาว วาสนา อุดเอ้ย','Miss WASSANA AUDAIEY','wassana.au@lifelong.cmu.ac.th','0945522333'),(639507900,'นาย อดิศักดิ์ กิตติสาเรศ','Mr. ADISAK KITTISARES','adisak.k@lifelong.cmu.ac.th','0957891656'),(639507901,'นางสาว จินตนา เหลี่ยมศรี','Miss JINTANA LEAMSRI','jintana.l@lifelong.cmu.ac.th','0899546506'),(639507902,'นางสาว ณัฏฐนิช พรหมเมืองยอง','Miss NATTANIS PHROMMOUNGYONG','nattanis.p@lifelong.cmu.ac.th','0823912389'),(639507989,'นางสาว กัญญารัตน์ ไชยสีดา','Miss KANYARAT CHAISRIDA','kanyarat.c@lifelong.cmu.ac.th','0994562951'),(639508003,'นางสาว นันทนัช งอกชัยภูมิ','Miss NANTHANAT NGOKCHAIYAPHUM','nanthanat.n@lifelong.cmu.ac.th','0882246591'),(639508006,'นาย นิยม สุวรรณวงศ์','Mr. NIYOM SUWANWONG','niyom.s@lifelong.cmu.ac.th','0866736033'),(639508026,'นางสาว ณัฐธิชา ราชเนตร์','Miss NUTTHICHA RATCHANET','nutthicha.r@lifelong.cmu.ac.th','0647139368'),(639508053,'นางสาว สิริวรรณ ภคอัครเลิศกุล','Miss SIRIWAN PAKA-AKARALERDKUL','siriwan.p@lifelong.cmu.ac.th','0949511981'),(639508059,'นางสาว กมลรัตน์ จันทร์รงค์','Miss KAMONRAD CHANRONG','kamonrad.c@lifelong.cmu.ac.th','0887530708'),(639508066,'นางสาว ภาพิมล คำดี','Miss PAPIMON KHUMDEE','papimon.k@lifelong.cmu.ac.th','0800072470'),(639508100,'นาย ธีรดนย์ ธิราไชย','Mr. TEERADON THIRACHAI','teeradon.t@lifelong.cmu.ac.th','0972540957'),(639508105,'นางสาว ชยอร วัชรขจร','Miss CHAYAON WATCHARAKAJON','chayaon.w@lifelong.cmu.ac.th','0913839337'),(639508110,'นางสาว ภัทรานิษฐ์ เข็มพงษ์','Miss PATTRANIT KHEMPONG','pattranit.k@lifelong.cmu.ac.th','0951459916'),(639508117,'นาย ธีรวุฒิธรรม องค์กบิลย์','Mr. TEERAWUTTITHAM ONGKABIN','teerawuttitham.o@lifelong.cmu.ac.th','0872330300'),(639508138,'นางสาว จัญจุรา กันทะเรศ','Miss JUNJURA KANTHARET','junjura.k@lifelong.cmu.ac.th','0845047511'),(639508152,'นางสาว ศศิลักษณ์ ศิริลักษณ์','Miss SASILUCK SIRILUCK','sasiluck.s@lifelong.cmu.ac.th','0616874124'),(639508158,'นางสาว รวิภา บางตระกูล','Miss RAWIPHA BANGTRAKUL','rawipha.b@lifelong.cmu.ac.th','0632162705'),(639508174,'นางสาว วาสิณี พูลผล','Miss WASINEE POOLPHOL','wasinee.p@lifelong.cmu.ac.th','0959357238'),(639508175,'นางสาว แพรพลอย มหาวรรณ','Miss PRAEPLOY MAHAWAN','praeploy.m@lifelong.cmu.ac.th','0620817272'),(639508186,'นาย ธนากรณ์ ลาพิงค์','Mr. THANAKORN LAPING','thanakorn.l@lifelong.cmu.ac.th','0962394962'),(639508188,'นางสาว นางสาวคุลิกา แก้วนาหลวง','Miss KULIKA KAEWNALUANG','kulika.k@lifelong.cmu.ac.th','0843316582'),(639508191,'นางสาว วรัญญา อุตรศรี','Miss WARANYA UTTARASRI','waranya.ut@lifelong.cmu.ac.th','0642372309'),(639508194,'นาย อรรถวิทย์ จันทร์ศิริ','Mr. UTTHAWIT JANSIRI','utthawit.j@lifelong.cmu.ac.th','0842235781'),(639508199,'นางสาว ปทิตตา สุภารส','Miss PATHITTA SUPAROS','pathitta.s@lifelong.cmu.ac.th','0659653191'),(639508202,'นาย เสฏฐ์พล วิเศษชุมพล','Mr. SETTHAPOL WISETCHUMPOL','setthapol.w@lifelong.cmu.ac.th','0855282260'),(639508204,'นางสาว ประภาวี สุมนรัตนกูล','Miss PRAPAVEE SUMONRATTANAKUL','prapavee.s@lifelong.cmu.ac.th','0834812170'),(639508234,'นางสาว กรวิกา ไพศาล​เจริญ​','Miss KORNWIKA PAISANCHAROEN​','kornwika.p@lifelong.cmu.ac.th','0636561529'),(639508237,'นาย อรุณวัชร์ กร่ำธาดา','Mr. ARUNWACH KRUMTADA','arunwach.k@lifelong.cmu.ac.th','0649945990'),(639508245,'นาย อาภาภิวัฒน์ ชุ่มใจ','Mr. ARPAPIWAT CHUMJAI','arpapiwat.c@lifelong.cmu.ac.th','0637815005'),(639508255,'นางสาว กรรณิกา บุรินรัมย์','Miss KANNIKA BURINRAM','kannika.b@lifelong.cmu.ac.th','0971582629'),(639508259,'นางสาว ศิวาพร พงษ์ศิริ','Miss SIWAPORN PONGSIRI','siwaporn.po@lifelong.cmu.ac.th','0871931592'),(639508260,'นาย จิรัฐิติ สาลาสุตา','Mr. JIRATHITI SALASUTA','jirathiti.s@lifelong.cmu.ac.th','0959061066'),(639508262,'นาย ฐิรวัฒน์ เสมอใจ','Mr. THIRAWAT SAMERJAI','thirawat.s@lifelong.cmu.ac.th','0966071005'),(639508263,'นางสาว มาติกา ธวัชกิติกุล','Miss MATIKA TAWATKITIKUL','matika.t@lifelong.cmu.ac.th','0846082023'),(639508266,'นางสาว วัชราภรณ์ เหล็กเทศ','Miss WATCHARAPHON LEKTHET','watcharaphon.l@lifelong.cmu.ac.th','0828955906'),(639508274,'นางสาว สุจิตรา สุขสอาด','Miss SUJITTA SUKSAARD','sujitta.s@lifelong.cmu.ac.th','0611172375'),(639508275,'นาง สุพัตรา ปวนไฝ','Mrs. SUPATTRA PUANFAI','supattra.p@lifelong.cmu.ac.th','0805662143'),(639508286,'นางสาว วิรัญญา บุญตันหล้า','Miss WIRANYA BOONTANLA','wiranya.b@lifelong.cmu.ac.th','0917812865'),(639508332,'นาย กฤษฎา วิดีสา','Mr. KRITSADA WIDEESA','kritsada.w@lifelong.cmu.ac.th','0933610595'),(639508333,'นางสาว ปานชีวิน อยู่อย่างไท','Miss PANCHIWIN YOOYANGTAI','panchiwin.y@lifelong.cmu.ac.th','0823924617'),(639508346,'นางสาว ญาณิตา หวังอยู่','Miss YANITA WANGYOO','yanita.w@lifelong.cmu.ac.th','0884789812'),(639508350,'นาย จักรกฤษณ์ โพธิวงค์','Mr. JAGGRID POTIWONG','jaggrid.p@lifelong.cmu.ac.th','0931353622'),(639508355,'นางสาว อัญมณี รัชฎาวรรณ','Miss ANYAMANEE RATCHADAWAN','anyamanee.r@lifelong.cmu.ac.th','0881415653'),(639508356,'นาย ณัฐพงศ์ บุญยะลาภ','Mr. NATTAPONG BUNYALAP','nattapong.b@lifelong.cmu.ac.th','0982739851'),(639508364,'นางสาว อารียา สุ่มมาตร','Miss AREEYA SUMMART','areeya.su@lifelong.cmu.ac.th','0922839841'),(639508370,'นางสาว อมรรัตน์ ภัยปัด','Miss AMORNRAT PAIPAT','amornrat.p@lifelong.cmu.ac.th','0927707911'),(639508378,'นางสาว พิชชานันท์ เขม้นดี','Miss PITCHANAN KAMENDEE','pitchanan.k@lifelong.cmu.ac.th','0801655932'),(639508383,'นางสาว ณภัค น้อยแสง','Miss NAPHAK NOISAENG','naphak.n@lifelong.cmu.ac.th','0983156817'),(639508395,'นางสาว ศิริญาพร พงษ์ศิริ','Miss SIRIYAPORN PONGSIRI','siriyaporn.p@lifelong.cmu.ac.th','0861806418'),(639508397,'นางสาว กมลพร กุลรัตนวณิช','Miss KAMONPORN KUNRATTANAWANICH','kamonporn.k@lifelong.cmu.ac.th','0946249888'),(639508399,'นางสาว ลักษนพร จ้ำสีชา','Miss LAKSANAPORN JUMSEECHA','laksanaporn.j@lifelong.cmu.ac.th','0956093147'),(639508411,'นาย พชร บูชากุล','Mr. PACHARA BOOCHAKUL','pachara.b@lifelong.cmu.ac.th','0953583403'),(639508415,'นางสาว มาลีวลิน สีเสือ','Miss MALEEWALIN SEESUA','maleewalin.s@lifelong.cmu.ac.th','0968726926'),(639508417,'นางสาว นูรอัยนี หมันหลิน','Miss NOORAINEE MUNLIN','noorainee.m@lifelong.cmu.ac.th','5538039493'),(639508432,'นาย มรุเดช มุกดา','Mr. MARUDEJ MOOKDA','marudej.m@lifelong.cmu.ac.th','0877026705'),(639508436,'นาย อภิสิทธิ์ สุขแจ่ม','Mr. ABHISIT SUKJAEM','abhisit.s@lifelong.cmu.ac.th','0800120974'),(639508447,'นางสาว จุฑามาศ เมืองใจ','Miss JUTHAMART MUENGJAI','juthamart.m@lifelong.cmu.ac.th','0918538577'),(639508451,'นาย ธีรพงค์ ขันธุ์แก้ว','Mr. TEERAPONG KANKAEW','teerapong.ka@lifelong.cmu.ac.th','0802641080'),(639508459,'นางสาว แตงเถา กุ้งแก้ว','Miss TANGTHAO KUNGKAEW','tangthao.k@lifelong.cmu.ac.th','0986916153'),(639508463,'นาย จิตรภานุ ทวีเศรษฐ','Mr. JITPANU THAWEESET','jitpanu.t@lifelong.cmu.ac.th','0924415329'),(639508473,'นาย จิรเดช ขนาบแก้ว','Mr. JIRADAT KHANAPKAEW','jiradat.k@lifelong.cmu.ac.th','0828187893'),(639508475,'นาย ภูมิณย์ พันธ์เชย','Mr. PUMIN PHANCHOEI','pumin.p@lifelong.cmu.ac.th','0925198232'),(639508476,'นางสาว ศุภาลักษณ์ พริบไหว','Miss SUPALAK PRIBWAI','supalak.p@lifelong.cmu.ac.th','0823896200'),(639508482,'นาย พงศ์พล พลธนะ','Mr. PONGPOL POLTANA','pongpol.p@lifelong.cmu.ac.th','0970570485'),(639508498,'นางสาว พิไลวรรณ จ่างขัน','Miss PILAIWAN JANGKHAN','pilaiwan.j@lifelong.cmu.ac.th','0956959845'),(639508499,'นางสาว พรปวีณ์ อุตมะ','Miss PORNPAWEE UTAMA','pornpawee.u@lifelong.cmu.ac.th','0838696163'),(639508514,'นางสาว กัญญาวีร์ ประดิษฐ์พงษ์','Miss KANYAWEE PRADITPONG','kanyawee.p@lifelong.cmu.ac.th','0932301933'),(639508533,'นางสาว วิลาสินี ติ๊บดี','Miss WILASINEE TIBDEE','wilasinee.t@lifelong.cmu.ac.th','0903180083'),(639508549,'นางสาว วัทนพร ภูเวียงจันทร์','Miss WATTHANAPORN PHUWIANGJAN','watthanaporn.p@lifelong.cmu.ac.th','0989964690'),(639508553,'นาย สาธิต คำป้อ','Mr. SATIT KOMPUR','satit.k@lifelong.cmu.ac.th','0981481881'),(639508557,'นางสาว นภิสรา ศรีศักดา','Miss NAPISARA SRISAKDA','napisara.s@lifelong.cmu.ac.th','0838745151'),(639508588,'นาง ทิพวรรณ ทัพซ้าย','Mrs. THIPPHAWAN TUPSAI','thipphawan.t@lifelong.cmu.ac.th','0819542739'),(639508620,'นางสาว เกียรติพนา พิมเสน','Miss KIATPANA PIMSEN','kiatpana.p@lifelong.cmu.ac.th','0622759622'),(639508622,'นางสาว ไอลดา นิ้มสันติเจริญ','Miss AILADA NIMSANTICHAROEN','ailada.n@lifelong.cmu.ac.th','0931966339'),(639508623,'นาย พรรธน์พิภู ปารมีแจ้','Mr. PATPIPOO PARAMEECHAE','patpipoo.p@lifelong.cmu.ac.th','0979507257'),(639508624,'นางสาว ภชสร กิตติไชยากร','Miss PHACHASORN KITTICHAIYAKORN','phachasorn.k@lifelong.cmu.ac.th','0843781382'),(639508629,'นางสาว พรธิดา กงพลนันท์','Miss PORNTIDA KONGPHONNAN','porntida.k@lifelong.cmu.ac.th','0959190338'),(639508630,'นางสาว ขรัสวรา คำปวน','Miss KARATWARA KUMPUAN','karatwara.k@lifelong.cmu.ac.th','0903288639'),(639508633,'นางสาว ธัญธร วงศ์สวัสดิ์','Miss THANYATORN WONGSAWAD','thanyatorn.w@lifelong.cmu.ac.th','0826123076'),(639508634,'นางสาว รินนภา จินดาพล','Miss RINNAPA JINDAPOL','rinnapa.j@lifelong.cmu.ac.th','0979736542'),(639508637,'นางสาว สุภาพรรณ ไชยวรรณ์','Miss SUPAPAN CHAIWAN','supapan.c@lifelong.cmu.ac.th','0816813458'),(639508639,'นางสาว ประภัสสร เพาะเจาะ','Miss PRAPASSORN PORJOR','prapassorn.po@lifelong.cmu.ac.th','0908926782'),(639508640,'นางสาว จิรัชญา จี้อินทร์','Miss JIRACHAYA JEEIN','jirachaya.j@lifelong.cmu.ac.th','0956949781'),(639508642,'นางสาว พิชชาพรรณ วังใน','Miss PIDCHAPUN WANGNAI','pidchapun.w@lifelong.cmu.ac.th','0620070702'),(639508651,'นางสาว จิราวัฒน์ แก้วนัย','Miss JIRAWAT KAEWNAI','jirawat.ka@lifelong.cmu.ac.th','0903275795'),(639508659,'นางสาว รุ่งรวิน คงราษฎร','Miss ROONGRAWIN KONGRASSADORN','roongrawin.k@lifelong.cmu.ac.th','0965938133'),(639508665,'นางสาว ชญานิศ มาลีวงศ์','Miss CHAYANIT MALEEWONG','chayanit.ma@lifelong.cmu.ac.th','0821694053'),(639508667,'นางสาว กวีกาญจน์ นิธิวงษ์','Miss KAWEEKAN NITHIWONG','kaweekan.n@lifelong.cmu.ac.th','0916178241'),(639508708,'นางสาว สุพัตรา เอ้ยวัน','Miss SUPATTRA OEIWAN','supattra.o@lifelong.cmu.ac.th','0857065299'),(639508738,'นาง ชารีณัฏฐ์ ดิฐสิริบวร','Mrs. CHAREENAT DITSIRIBAWORN','chareenat.d@lifelong.cmu.ac.th','0629146636'),(639508748,'นางสาว ศรีสุดา แจ้งประยูร','Miss SRISUDA CHANGPRAYOON','srisuda.c@lifelong.cmu.ac.th','0905486325'),(639508754,'นาย จตุรงค์ บุญจันทร์','Mr. JATURONG BUNJUN','jaturong.b@lifelong.cmu.ac.th','0819003593'),(639508755,'นาง ณัฐภัทร แอนเดรด','Mrs. NATTHAPHAT ANDRADE','natthaphat.a@lifelong.cmu.ac.th','0982962479'),(639508796,'นางสาว ณัฏฐลักษณ์ หมื่นโท่น','Miss NUTTALAK MUENTON','nuttalak.m@lifelong.cmu.ac.th','0882624528'),(639508800,'นางสาว กัลยา ศุทธกิจไพบูลย์','Miss KANLAYA SUTTHAKITPHAIBULL','kanlaya.su@lifelong.cmu.ac.th','0841537473'),(639508818,'นางสาว พิมลพรรณ ศรีศิริ','Miss PIMONPUN SRISIRI','pimonpun.s@lifelong.cmu.ac.th','0963707580'),(639508826,'นาย ธวัชชัย คงรอด','Mr. THAWATCHAI KHONGROT','thawatchai.k@lifelong.cmu.ac.th','0618994793'),(639508830,'นาย สุรพันธ์ กาญจนวงศ์','Mr. SURAPHUN KANJANAWONG','suraphun.k@lifelong.cmu.ac.th','0817169875'),(639508842,'นางสาว จุฬาภรณ์ ชาลี','Miss JULAPHON CHALEE','julaphon.c@lifelong.cmu.ac.th','0892911647'),(639508846,'นางสาว น้ำทิพย์ แซ่เชอว','Miss NAMTHIP SAECHERW','namthip.s@lifelong.cmu.ac.th','0613654990'),(639508848,'นางสาว ศิวปรียา พญางาย','Miss SIWAPREEYA PAYANGAI','siwapreeya.p@lifelong.cmu.ac.th','0881496678'),(639508849,'นางสาว นฤพร จักร์มุณี','Miss NARUEPORN JAKMUNEE','narueporn.j@lifelong.cmu.ac.th','0882605214'),(639508850,'นางสาว ปัณชญา ขอดแก้ว','Miss PANCHAYA KODKAEW','panchaya.k@lifelong.cmu.ac.th','0641235494'),(639508866,'นางสาว ดรัลพร ยิ้มละมัย','Miss DARANPORN YIMLAMAI','daranporn.y@lifelong.cmu.ac.th','0863357553'),(639508867,'นางสาว ขวัญจิรา เติมพรเลิศ','Miss KWANJIRA TERMPORNLERT','kwanjira.t@lifelong.cmu.ac.th','0931476053'),(639508873,'นางสาว ฉัตรทิพย์ พรมทอง','Miss CHATTIP PROMTONG','chattip.p@lifelong.cmu.ac.th','0954214217'),(639508874,'นางสาว ปิยนาฎ บุญธุโสภณ','Miss PIYANAT BUNTUSOPON','piyanat.b@lifelong.cmu.ac.th','0925412123'),(639508877,'นาย ภัทรจาริน ลำคำ','Mr. PHATTHARAJARIN LUMKUM','phattharajarin.l@lifelong.cmu.ac.th','0932678276'),(639508878,'นางสาว ศุฑาณัฐ ชอบเสรียิ่ง','Miss SUTHANAT CHOPSEREEYING','suthanat.c@lifelong.cmu.ac.th','0903191562'),(639508879,'นางสาว ชุติกาญจน์ สุปัน','Miss CHUTIKAN SUPAN','chutikan.s@lifelong.cmu.ac.th','0926094276'),(639508882,'นาย ภัทรเจริญ สายก้อน','Mr. PATTARACHARUEN SAIKORN','pattaracharuen.s@lifelong.cmu.ac.th','0979243907'),(639508883,'นางสาว พิมพ์ชนก หลวงติ๊บ','Miss PHIMCHANOK LUANGTIP','phimchanok.l@lifelong.cmu.ac.th','0932346937'),(639508886,'นางสาว จิรัชยา วงศ์ศิริ','Miss JIRATCHAYA WONGSIRI','jiratchaya.wo@lifelong.cmu.ac.th','0932276545'),(639508889,'นางสาว ณัฐชยา อุบลเขียว','Miss NATCHAYA AUBONKHIAO','natchaya.a@lifelong.cmu.ac.th','0617427785'),(639508890,'นางสาว ณัฐนิชา โมราราย','Miss NUTNICHA MORARAI','nutnicha.m@lifelong.cmu.ac.th','0865899809'),(639508902,'นางสาว อรปรียา ศรีทอง','Miss ONPREEYA SRITONG','onpreeya.s@lifelong.cmu.ac.th','0952650164'),(639508919,'นางสาว สุพัตรา ชูศรี','Miss SUPHATTRA CHUSRI','suphattra.c@lifelong.cmu.ac.th','0936964294'),(639508920,'นางสาว มลธิรา รักงาม','Miss MONTHIRA RAKNGAM','monthira.r@lifelong.cmu.ac.th','0986869200'),(639508921,'นางสาว สายฝน คาถา','Miss SAYFON KATHA','sayfon.k@lifelong.cmu.ac.th','0882608985'),(639508924,'นางสาว นูรีน อาหมาน','Miss NUREEN ARMARN','nureen.a@lifelong.cmu.ac.th','0630791432'),(639508927,'นางสาว เกษศินี หลิมพานิช','Miss KETSINEE LIMPANIT','ketsinee.l@lifelong.cmu.ac.th','0897279469'),(639508937,'นางสาว บัวไล สุระสาย','Miss BUALAI SURASAI','bualai.s@lifelong.cmu.ac.th','0816681164'),(639508947,'นางสาว ณัฐรุจา มุขดี','Miss NUTTARUJA MOOKDEE','nuttaruja.m@lifelong.cmu.ac.th','0950976812'),(639508948,'นางสาว ฮุษณีย์ ถิ่นเกาะยาว','Miss HUSNEY THINKOHYAO','husney.t@lifelong.cmu.ac.th','0630893174'),(639508955,'นางสาว สุรัญชนา เอ่งฉ้วน','Miss SURUNCHANA ANGCHUN','surunchana.a@lifelong.cmu.ac.th','0836328801'),(639508956,'นางสาว พิมพ์ไพรำ เพชรงามพงศ์โนรา','Miss BHIMBHAIRAM PECHARMPONGNORA','bhimbhairam.p@lifelong.cmu.ac.th','0992414193'),(639508964,'นางสาว ภัสพร สมพงษ์','Miss PASSAPORN SOMPONG','passaporn.s@lifelong.cmu.ac.th','0856624212'),(639508992,'นางสาว เบญจมาพร ใจนุ่ม','Miss BENJAMAPORN JAINUM','benjamaporn.j@lifelong.cmu.ac.th','0611827472'),(639508993,'นาง ศรุดา สุทธิชาญบัญชา','Mrs. SARUDA SUTTHICHANBANCHA','saruda.s@lifelong.cmu.ac.th','0810272367'),(639508998,'นางสาว วราลี หลีช่วย','Miss WARALEE LHEECHOY','waralee.l@lifelong.cmu.ac.th','0630807371'),(639509004,'นางสาว ปัทมาวรรณ ผิวขำ','Miss PATTAMAWAN PHEWKHAM','pattamawan.p@lifelong.cmu.ac.th','0918351194'),(639509011,'นาย นัฐพงษ์ บุราณ','Mr. NATTHAPONG BURAN','natthapong.b@lifelong.cmu.ac.th','0971600613'),(639509015,'นางสาว เบญจวรรณ จันทร์สวะ','Miss BENJAWAN JANSAWA','benjawan.j@lifelong.cmu.ac.th','0803213614'),(639509017,'นางสาว วณิชชา บุญมี','Miss WANITCHA BOONMEE','wanitcha.b@lifelong.cmu.ac.th','0956983262'),(639509020,'นางสาว อิ่ง ลุงคำ','Miss ING LOONGKAM','ing.l@lifelong.cmu.ac.th','0894391109'),(639509022,'นางสาว ภัทรภรณ์ เตยทอง','Miss PATTARAPORN TAEYTHONG','pattaraporn.t@lifelong.cmu.ac.th','0979549910'),(639509035,'นาย จิตรภานุ จินะอุตร','Mr. JITPHANU JINAAUT','jitphanu.j@lifelong.cmu.ac.th','0613023123'),(639509039,'นางสาว ภัทราพร ขัติกุล','Miss PHATTARAPORN KHATTIKUL','phattaraporn.k@lifelong.cmu.ac.th','0654945496'),(639509042,'นางสาว ธนพร ปานกำเหนิด','Miss THANAPORN PANKAMNOED','thanaporn.pa@lifelong.cmu.ac.th','0610303448'),(639509045,'นาย ศตายุ สุรินทร์','Mr. SATAYU SURIN','satayu.s@lifelong.cmu.ac.th','0803848251'),(639509061,'นาย วีรชัย แซ่เตียว','Mr. VEERACHAI TIEW','veerachai.t@lifelong.cmu.ac.th','0922689789'),(639509063,'นางสาว นิสา พิทักษ์สมบูรณ์','Miss NISA PITAKSOMBOON','nisa.p@lifelong.cmu.ac.th','0841048774'),(639509153,'นางสาว เปรมมิกา เดชพิชัย','Miss PREMMIKA DECHPICHAI','premmika.d@lifelong.cmu.ac.th','0994502685'),(639509154,'นางสาว กรกมล กุมภา','Miss KRONKAMON KUMPA','kronkamon.k@lifelong.cmu.ac.th','0984188591'),(639509157,'นาง จารุเนศวร์ สิทธิพงศภัคค์','Mrs. JARUNES SITTHIPONGSAPAK','jarunes.s@lifelong.cmu.ac.th','0866965654'),(639509238,'นางสาว สุทธิลักษณ์ คงสุนทร','Miss SUTTILUCK KHONGSOONTORN','suttiluck.k@lifelong.cmu.ac.th','0882510737'),(639509240,'นางสาว ธัญยมัย ชุมนาคราช','Miss THANYAMAI CHUMNAKKARAT','thanyamai.c@lifelong.cmu.ac.th','0936505532'),(639509251,'นาง พัชรินทร์ ไรเดน','Mrs. PATCHARIN RYDEN','patcharin.r@lifelong.cmu.ac.th','0899526257'),(639509260,'นางสาว ซันญาบี้ ชลเขตต์','Miss SUNYABIE CHONKHET','sunyabie.c@lifelong.cmu.ac.th','0825276970'),(639509267,'นางสาว ปริยากร ประมูลศิลป์','Miss PARIYAKORN PRAMOONSIN','pariyakorn.p@lifelong.cmu.ac.th','0886745413'),(639509281,'นางสาว มานิษา แรงผลสัมฤทธิ์','Miss MANISA RANGPONSUMRIT','manisa.r@lifelong.cmu.ac.th','0972754595'),(639509282,'นางสาว อัจฉราภรณ์ นุ่นชูผล','Miss AUSCHARAPORN NUNCHUPHON','auscharaporn.n@lifelong.cmu.ac.th','0952560637'),(639509323,'นาย อานนท์ ไกรป๊อก','Mr. ARNON KRAIPOK','arnon.k@lifelong.cmu.ac.th','0982652034'),(639509328,'นางสาว รัติยาพร ใจดี','Miss RATTIYAPORN JAIDEE','rattiyaporn.j@lifelong.cmu.ac.th','0857403276'),(639509364,'นางสาว ฐิติภา ชุ่มเย็น','Miss TITIPA CUMYEN','titipa.c@lifelong.cmu.ac.th','0840281582'),(639509381,'นางสาว ลีลาวดี เรืองเดช','Miss LEELAWADEE RUENGDET','leelawadee.r@lifelong.cmu.ac.th','0947085572'),(639509408,'นางสาว วิสุดา แก้วนันไชย','Miss VISUDA KAEWNUNCHAI','visuda.k@lifelong.cmu.ac.th','0804420635'),(639509467,'นางสาว พิมพกานต์ ขาวเนียม','Miss PIMPAKAN KAONEAM','pimpakan.k@lifelong.cmu.ac.th','0643170940'),(639509475,'นาย ธนเดช โต๊ะยียา','Mr. TANADECH TOHYEEYA','tanadech.t@lifelong.cmu.ac.th','0950459490'),(639509481,'นางสาว ธัญญาพร เสมาพัฒ','Miss THANYAPHON SEMAPHAT','thanyaphon.s@lifelong.cmu.ac.th','0855067336'),(639509494,'นางสาว ภาวิตา บรรลือพืช','Miss PAVITA BANLUEPUET','pavita.b@lifelong.cmu.ac.th','0836482045'),(639509496,'นางสาว มิ่งขวัญ นิ่มน้อย','Miss MINGKWAN NIMNOI','mingkwan.n@lifelong.cmu.ac.th','0816935301'),(639509515,'นาย ไกรสิทธิ์ ทองเล็ก','Mr. KRAISIT TONGLAK','kraisit.t@lifelong.cmu.ac.th','0980167945'),(639509538,'นางสาว กุมารี ศรีเมือง','Miss KUMAREE SRIMUANG','kumaree.s@lifelong.cmu.ac.th','0952617393'),(639509539,'นางสาว ชนิดา ผิวบาง','Miss CHANIDA PHOIBANG','chanida.ph@lifelong.cmu.ac.th','0980284975'),(639509543,'นางสาว ชนิตา ผิวบาง','Miss CHANITA PHIOBANG','chanita.ph@lifelong.cmu.ac.th','0936217175'),(639509547,'นางสาว ปฏิมากร​ ไทรงาม​','Miss PATIMAKORN SAINGAM','patimakorn.s@lifelong.cmu.ac.th','0945683764'),(639509549,'นางสาว ชรัญญา ชะยะ','Miss CHARUNYA CHAYA','charunya.c@lifelong.cmu.ac.th','0621368985'),(639509551,'นางสาว เวธกา ไพรพรรษา','Miss WETHAKAR PHAIPHUNSA','wethakar.p@lifelong.cmu.ac.th','0835265028'),(639509621,'นางสาว มุนินทร์ รอดทัดทาน','Miss MUNIN RODTADTAN','munin.r@lifelong.cmu.ac.th','0821926706'),(639509623,'นางสาว มิรินด้า หมุนหลี','Miss MIRINDA MOONLEE','mirinda.m@lifelong.cmu.ac.th','0950244541'),(639509654,'นางสาว ชนนิกานต์ กาลวิบูลย์','Miss CHONNIKAN KALVIBOOL','chonnikan.ka@lifelong.cmu.ac.th','0933247894'),(639509692,'นาย อดิศร ครรชิต','Mr. ADISORN KANCHIT','adisorn.ka@lifelong.cmu.ac.th','0895902733'),(639509697,'นางสาว ชุติกาญจน์ เพชรจำรัส','Miss CHUTIKAN PETJAMRAS','chutikan.p@lifelong.cmu.ac.th','0979876956'),(639509701,'นาย มหัศจรรย์ เลิศเกียรติรัชตะ','Mr. MAHATSAJAN LERDKIATRATCHATA','mahatsajan.l@lifelong.cmu.ac.th','0824370970'),(639509709,'นางสาว อุนนดา อินทร์ช่วย','Miss UNNADA INCHUAI','unnada.i@lifelong.cmu.ac.th','0619972546'),(639509710,'นางสาว ดวงวิภา เชาวน์ฐายี','Miss DAUNGWIPA CHAOTHAYI','daungwipa.c@lifelong.cmu.ac.th','0935783340'),(639509711,'นางสาว พรพิมล สุบิน','Miss PORNPIMON SUBIN','pornpimon.su@lifelong.cmu.ac.th','0941424846'),(639509713,'นางสาว ดารุณี ผาสุข','Miss DARUNEE PHASUK','darunee.p@lifelong.cmu.ac.th','0843088696'),(639509714,'นางสาว กัษมารา ศรสวรรค์','Miss KASSAMARA SORNSAWAN','kassamara.s@lifelong.cmu.ac.th','0925877174'),(639509775,'นางสาว เข็มอักษร ภู่นวล','Miss KEMAGSON POONUAL','kemagson.p@lifelong.cmu.ac.th','0644971961'),(639509857,'นางสาว อัตวรรณ ศรีจันทร์','Miss AUTTAWAN SRICHAN','auttawan.s@lifelong.cmu.ac.th','0630818655'),(639509862,'นางสาว ธมนวรรณ ศิริรัตนพันธุ์','Miss TAMONWAN SIRIRATTANAPAN','tamonwan.si@lifelong.cmu.ac.th','0949739077'),(639509924,'นาย พรรณวิชช์ มาลาวัลย์','Mr. PHANNAVICH MALAWAN','phannavich.m@lifelong.cmu.ac.th','0845007570'),(639510035,'นางสาว กันติชา ลีลาเจริญทอง','Miss KUNTICHA LEELACHAROENTHONG','kunticha.l@lifelong.cmu.ac.th','0899993822'),(639510085,'นาย ณัฏฐ์ ปรางค์น้อย','Mr. NUT PRANGNOI','nut.pr@lifelong.cmu.ac.th','0936251646'),(639510143,'นาง พรทิพย์ เชื้อมโนชาญ','Mrs. PORNTIP CHUAMANOCHAN','porntip.c@lifelong.cmu.ac.th','0895531019'),(639510165,'นางสาว อาภาภรณ์ ประทุมวัน','Miss ARPAPORN PRATHUMWAN','arpaporn.pr@lifelong.cmu.ac.th','0918786301'),(639510198,'นางสาว ภูริชญาฐ์ นุธรรม','Miss POORICHAYA NUTAM','poorichaya.n@lifelong.cmu.ac.th','0829801849'),(639510224,'นางสาว กมลลักษณ์ สุราช','Miss KAMONLUCK SURAT','kamonluck.s@lifelong.cmu.ac.th','0615322506'),(639510225,'นาย รัชชานนท์ สมฤทธิ์','Mr. RUTCHANON SOMRIT','rutchanon.s@lifelong.cmu.ac.th','0956877439'),(639510226,'นาย อมรเทพ นันทยา','Mr. AMORNTHEP NANTAYA','amornthep.n@lifelong.cmu.ac.th','0811116578'),(639510238,'นางสาว มาลินี สืบจากติ๊บ','Miss MALINEE SUBJAKTIP','malinee.s@lifelong.cmu.ac.th','0947309515'),(639510249,'นางสาว วรรณิสา แก้วบ้านกรูด','Miss WANNISA KEAWBANKRUD','wannisa.k@lifelong.cmu.ac.th','0634520726'),(639510275,'นางสาว วิรากานต์ อุดทา','Miss WIRAKAN AUTTA','wirakan.a@lifelong.cmu.ac.th','0651232757'),(639510289,'นาย วริทธิ์ธร อ่าวบูรณวิวัฒน์','Mr. VARRITTHORN AOWBURANAVIVUD','varritthorn.a@lifelong.cmu.ac.th','0836469873'),(639510297,'นางสาว ปภัสรา เข็มทอง','Miss PAPHATSARA KHEMTONG','paphatsara.k@lifelong.cmu.ac.th','0611703418'),(639510364,'นางสาว วิชชุภรณ์ อันพาพรม','Miss WICHCHUPORN WICHCHUPORN','wichchuporn.w@lifelong.cmu.ac.th','0928900914'),(639510383,'นางสาว กิดากานต์ ปะหนัน','Miss KIDAKARN PANAN','kidakarn.p@lifelong.cmu.ac.th','0943759073');
/*!40000 ALTER TABLE `tbstudent` ENABLE KEYS */;
UNLOCK TABLES;

--
-- Table structure for table `tbstudentcourse`
--

DROP TABLE IF EXISTS `tbstudentcourse`;
/*!40101 SET @saved_cs_client     = @@character_set_client */;
/*!50503 SET character_set_client = utf8mb4 */;
CREATE TABLE `tbstudentcourse` (
  `studentCourseId` int NOT NULL AUTO_INCREMENT,
  `studentCode` int NOT NULL,
  `courseId` varchar(255) NOT NULL,
  `isActive` tinyint(1) NOT NULL DEFAULT '1',
  `isPrint` tinyint(1) NOT NULL DEFAULT '0',
  `createdDate` timestamp NULL DEFAULT CURRENT_TIMESTAMP,
  `isType` int DEFAULT NULL,
  PRIMARY KEY (`studentCourseId`),
  KEY `fk_student_code` (`studentCode`),
  KEY `fk_course_id` (`courseId`),
  CONSTRAINT `fk_course_id` FOREIGN KEY (`courseId`) REFERENCES `tbcourse` (`id`),
  CONSTRAINT `fk_student_code` FOREIGN KEY (`studentCode`) REFERENCES `tbstudent` (`code`)
) ENGINE=InnoDB AUTO_INCREMENT=7239 DEFAULT CHARSET=utf8mb4 COLLATE=utf8mb4_0900_ai_ci;
/*!40101 SET character_set_client = @saved_cs_client */;

--
-- Dumping data for table `tbstudentcourse`
--

LOCK TABLES `tbstudentcourse` WRITE;
/*!40000 ALTER TABLE `tbstudentcourse` DISABLE KEYS */;
INSERT INTO `tbstudentcourse` VALUES (6930,639506032,'D035CAB9-89C9-4B25-BF50-76D93768E0DC',1,0,'2020-10-14 08:39:19',2),(6931,639507574,'D035CAB9-89C9-4B25-BF50-76D93768E0DC',1,0,'2020-10-14 08:39:19',2),(6932,639506739,'D035CAB9-89C9-4B25-BF50-76D93768E0DC',1,0,'2020-10-14 08:39:20',2),(6933,639507357,'D035CAB9-89C9-4B25-BF50-76D93768E0DC',1,0,'2020-10-14 08:39:20',2),(6934,639506034,'D035CAB9-89C9-4B25-BF50-76D93768E0DC',1,0,'2020-10-14 08:39:20',2),(6935,639507079,'D035CAB9-89C9-4B25-BF50-76D93768E0DC',1,0,'2020-10-14 08:39:21',2),(6936,639508105,'27C1718F-38DF-4A60-B1FD-1829FCC8B5B5',1,0,'2020-10-14 08:39:24',1),(6937,639507139,'27C1718F-38DF-4A60-B1FD-1829FCC8B5B5',1,0,'2020-10-14 08:39:24',1),(6938,639507167,'27C1718F-38DF-4A60-B1FD-1829FCC8B5B5',1,0,'2020-10-14 08:39:25',1),(6939,639506966,'27C1718F-38DF-4A60-B1FD-1829FCC8B5B5',1,0,'2020-10-14 08:39:25',1),(6940,639509260,'27C1718F-38DF-4A60-B1FD-1829FCC8B5B5',1,0,'2020-10-14 08:39:25',1),(6941,639509240,'27C1718F-38DF-4A60-B1FD-1829FCC8B5B5',1,0,'2020-10-14 08:39:26',1),(6942,639508919,'27C1718F-38DF-4A60-B1FD-1829FCC8B5B5',1,0,'2020-10-14 08:39:26',1),(6943,639509710,'27C1718F-38DF-4A60-B1FD-1829FCC8B5B5',1,0,'2020-10-14 08:39:26',1),(6944,639509153,'27C1718F-38DF-4A60-B1FD-1829FCC8B5B5',1,0,'2020-10-14 08:39:26',1),(6945,639507165,'27C1718F-38DF-4A60-B1FD-1829FCC8B5B5',1,0,'2020-10-14 08:39:27',1),(6946,639509709,'27C1718F-38DF-4A60-B1FD-1829FCC8B5B5',1,0,'2020-10-14 08:39:27',1),(6947,639508992,'27C1718F-38DF-4A60-B1FD-1829FCC8B5B5',1,0,'2020-10-14 08:39:28',1),(6948,639508498,'27C1718F-38DF-4A60-B1FD-1829FCC8B5B5',1,0,'2020-10-14 08:39:28',1),(6949,639508659,'27C1718F-38DF-4A60-B1FD-1829FCC8B5B5',1,0,'2020-10-14 08:39:28',1),(6950,639508188,'27C1718F-38DF-4A60-B1FD-1829FCC8B5B5',1,0,'2020-10-14 08:39:29',1),(6951,639509154,'27C1718F-38DF-4A60-B1FD-1829FCC8B5B5',1,0,'2020-10-14 08:39:29',1),(6952,639506692,'27C1718F-38DF-4A60-B1FD-1829FCC8B5B5',1,0,'2020-10-14 08:39:29',1),(6953,639508459,'27C1718F-38DF-4A60-B1FD-1829FCC8B5B5',1,0,'2020-10-14 08:39:30',1),(6954,639508397,'27C1718F-38DF-4A60-B1FD-1829FCC8B5B5',1,0,'2020-10-14 08:39:30',1),(6955,639509701,'27C1718F-38DF-4A60-B1FD-1829FCC8B5B5',1,0,'2020-10-14 08:39:30',1),(6956,639508998,'27C1718F-38DF-4A60-B1FD-1829FCC8B5B5',1,0,'2020-10-14 08:39:30',1),(6957,639508927,'27C1718F-38DF-4A60-B1FD-1829FCC8B5B5',1,0,'2020-10-14 08:39:31',1),(6958,639509924,'27C1718F-38DF-4A60-B1FD-1829FCC8B5B5',1,0,'2020-10-14 08:39:31',1),(6959,639507298,'27C1718F-38DF-4A60-B1FD-1829FCC8B5B5',1,0,'2020-10-14 08:39:31',1),(6960,639506684,'27C1718F-38DF-4A60-B1FD-1829FCC8B5B5',1,0,'2020-10-14 08:39:31',1),(6961,639508263,'27C1718F-38DF-4A60-B1FD-1829FCC8B5B5',1,0,'2020-10-14 08:39:32',1),(6962,639506699,'27C1718F-38DF-4A60-B1FD-1829FCC8B5B5',1,0,'2020-10-14 08:39:32',1),(6963,639508432,'27C1718F-38DF-4A60-B1FD-1829FCC8B5B5',1,0,'2020-10-14 08:39:32',1),(6964,639508947,'27C1718F-38DF-4A60-B1FD-1829FCC8B5B5',1,0,'2020-10-14 08:39:33',1),(6965,639509623,'27C1718F-38DF-4A60-B1FD-1829FCC8B5B5',1,0,'2020-10-14 08:39:33',1),(6966,639508955,'27C1718F-38DF-4A60-B1FD-1829FCC8B5B5',1,0,'2020-10-14 08:39:33',1),(6967,639506914,'27C1718F-38DF-4A60-B1FD-1829FCC8B5B5',1,0,'2020-10-14 08:39:34',1),(6968,639507206,'27C1718F-38DF-4A60-B1FD-1829FCC8B5B5',1,0,'2020-10-14 08:39:34',1),(6969,639510289,'27C1718F-38DF-4A60-B1FD-1829FCC8B5B5',1,0,'2020-10-14 08:39:34',1),(6970,639507189,'27C1718F-38DF-4A60-B1FD-1829FCC8B5B5',1,0,'2020-10-14 08:39:34',1),(6971,639508924,'27C1718F-38DF-4A60-B1FD-1829FCC8B5B5',1,0,'2020-10-14 08:39:35',1),(6972,639507765,'27C1718F-38DF-4A60-B1FD-1829FCC8B5B5',1,0,'2020-10-14 08:39:35',1),(6973,639510275,'27C1718F-38DF-4A60-B1FD-1829FCC8B5B5',1,0,'2020-10-14 08:39:35',1),(6974,639509494,'27C1718F-38DF-4A60-B1FD-1829FCC8B5B5',1,0,'2020-10-14 08:39:36',1),(6975,639508286,'27C1718F-38DF-4A60-B1FD-1829FCC8B5B5',1,0,'2020-10-14 08:39:36',1),(6976,639508874,'27C1718F-38DF-4A60-B1FD-1829FCC8B5B5',1,0,'2020-10-14 08:39:36',1),(6977,639508356,'27C1718F-38DF-4A60-B1FD-1829FCC8B5B5',1,0,'2020-10-14 08:39:36',1),(6978,639509011,'27C1718F-38DF-4A60-B1FD-1829FCC8B5B5',1,0,'2020-10-14 08:39:37',1),(6979,639508634,'27C1718F-38DF-4A60-B1FD-1829FCC8B5B5',1,0,'2020-10-14 08:39:37',1),(6980,639506932,'27C1718F-38DF-4A60-B1FD-1829FCC8B5B5',1,0,'2020-10-14 08:39:37',1),(6981,639506963,'27C1718F-38DF-4A60-B1FD-1829FCC8B5B5',1,0,'2020-10-14 08:39:37',1),(6982,639507437,'27C1718F-38DF-4A60-B1FD-1829FCC8B5B5',1,0,'2020-10-14 08:39:38',1),(6983,639508260,'27C1718F-38DF-4A60-B1FD-1829FCC8B5B5',1,0,'2020-10-14 08:39:38',1),(6984,639508138,'27C1718F-38DF-4A60-B1FD-1829FCC8B5B5',1,0,'2020-10-14 08:39:38',1),(6985,639507209,'27C1718F-38DF-4A60-B1FD-1829FCC8B5B5',1,0,'2020-10-14 08:39:39',1),(6986,639509654,'27C1718F-38DF-4A60-B1FD-1829FCC8B5B5',1,0,'2020-10-14 08:39:39',1),(6987,639508059,'27C1718F-38DF-4A60-B1FD-1829FCC8B5B5',1,0,'2020-10-14 08:39:39',1),(6988,639509692,'27C1718F-38DF-4A60-B1FD-1829FCC8B5B5',1,0,'2020-10-14 08:39:39',1),(6989,639508255,'27C1718F-38DF-4A60-B1FD-1829FCC8B5B5',1,0,'2020-10-14 08:39:40',1),(6990,639506685,'27C1718F-38DF-4A60-B1FD-1829FCC8B5B5',1,0,'2020-10-14 08:39:40',1),(6991,639506885,'27C1718F-38DF-4A60-B1FD-1829FCC8B5B5',1,0,'2020-10-14 08:39:40',1),(6992,639506689,'27C1718F-38DF-4A60-B1FD-1829FCC8B5B5',1,0,'2020-10-14 08:39:40',1),(6993,639509467,'27C1718F-38DF-4A60-B1FD-1829FCC8B5B5',1,0,'2020-10-14 08:39:41',1),(6994,639507431,'27C1718F-38DF-4A60-B1FD-1829FCC8B5B5',1,0,'2020-10-14 08:39:41',1),(6995,639507349,'27C1718F-38DF-4A60-B1FD-1829FCC8B5B5',1,0,'2020-10-14 08:39:41',1),(6996,639508447,'27C1718F-38DF-4A60-B1FD-1829FCC8B5B5',1,0,'2020-10-14 08:39:42',1),(6997,639507236,'27C1718F-38DF-4A60-B1FD-1829FCC8B5B5',1,0,'2020-10-14 08:39:42',1),(6998,639510226,'27C1718F-38DF-4A60-B1FD-1829FCC8B5B5',1,0,'2020-10-14 08:39:42',1),(6999,639508003,'27C1718F-38DF-4A60-B1FD-1829FCC8B5B5',1,0,'2020-10-14 08:39:43',1),(7000,639507402,'27C1718F-38DF-4A60-B1FD-1829FCC8B5B5',1,0,'2020-10-14 08:39:43',1),(7001,639507149,'27C1718F-38DF-4A60-B1FD-1829FCC8B5B5',1,0,'2020-10-14 08:39:43',1),(7002,639507417,'27C1718F-38DF-4A60-B1FD-1829FCC8B5B5',1,0,'2020-10-14 08:39:43',1),(7003,639506572,'27C1718F-38DF-4A60-B1FD-1829FCC8B5B5',1,0,'2020-10-14 08:39:44',1),(7004,639507749,'27C1718F-38DF-4A60-B1FD-1829FCC8B5B5',1,0,'2020-10-14 08:39:44',1),(7005,639506681,'27C1718F-38DF-4A60-B1FD-1829FCC8B5B5',1,0,'2020-10-14 08:39:44',1),(7006,639507902,'27C1718F-38DF-4A60-B1FD-1829FCC8B5B5',1,0,'2020-10-14 08:39:45',1),(7007,639507040,'27C1718F-38DF-4A60-B1FD-1829FCC8B5B5',1,0,'2020-10-14 08:39:45',1),(7008,639507359,'27C1718F-38DF-4A60-B1FD-1829FCC8B5B5',1,0,'2020-10-14 08:39:45',1),(7009,639507044,'27C1718F-38DF-4A60-B1FD-1829FCC8B5B5',1,0,'2020-10-14 08:39:46',1),(7010,639507102,'27C1718F-38DF-4A60-B1FD-1829FCC8B5B5',1,0,'2020-10-14 08:39:46',1),(7011,639509496,'27C1718F-38DF-4A60-B1FD-1829FCC8B5B5',1,0,'2020-10-14 08:39:46',1),(7012,639508383,'27C1718F-38DF-4A60-B1FD-1829FCC8B5B5',1,0,'2020-10-14 08:39:47',1),(7013,639509282,'27C1718F-38DF-4A60-B1FD-1829FCC8B5B5',1,0,'2020-10-14 08:39:47',1),(7014,639510198,'27C1718F-38DF-4A60-B1FD-1829FCC8B5B5',1,0,'2020-10-14 08:39:47',1),(7015,639506691,'27C1718F-38DF-4A60-B1FD-1829FCC8B5B5',1,0,'2020-10-14 08:39:47',1),(7016,639508370,'27C1718F-38DF-4A60-B1FD-1829FCC8B5B5',1,0,'2020-10-14 08:39:48',1),(7017,639508234,'27C1718F-38DF-4A60-B1FD-1829FCC8B5B5',1,0,'2020-10-14 08:39:48',1),(7018,639505878,'27C1718F-38DF-4A60-B1FD-1829FCC8B5B5',1,0,'2020-10-14 08:39:51',1),(7019,639510383,'27C1718F-38DF-4A60-B1FD-1829FCC8B5B5',1,0,'2020-10-14 08:39:52',1),(7020,639508482,'27C1718F-38DF-4A60-B1FD-1829FCC8B5B5',1,0,'2020-10-14 08:39:52',1),(7021,639508395,'27C1718F-38DF-4A60-B1FD-1829FCC8B5B5',1,0,'2020-10-14 08:39:52',1),(7022,639508259,'27C1718F-38DF-4A60-B1FD-1829FCC8B5B5',1,0,'2020-10-14 08:39:52',1),(7023,639509775,'27C1718F-38DF-4A60-B1FD-1829FCC8B5B5',1,0,'2020-10-14 08:39:53',1),(7024,639507218,'27C1718F-38DF-4A60-B1FD-1829FCC8B5B5',1,0,'2020-10-14 08:39:53',1),(7025,639507022,'27C1718F-38DF-4A60-B1FD-1829FCC8B5B5',1,0,'2020-10-14 08:39:53',1),(7026,639508350,'27C1718F-38DF-4A60-B1FD-1829FCC8B5B5',1,0,'2020-10-14 08:39:54',1),(7027,639508514,'27C1718F-38DF-4A60-B1FD-1829FCC8B5B5',1,0,'2020-10-14 08:39:54',1),(7028,639508175,'27C1718F-38DF-4A60-B1FD-1829FCC8B5B5',1,0,'2020-10-14 08:39:54',1),(7029,639507825,'27C1718F-38DF-4A60-B1FD-1829FCC8B5B5',1,0,'2020-10-14 08:39:54',1),(7030,639508204,'27C1718F-38DF-4A60-B1FD-1829FCC8B5B5',1,0,'2020-10-14 08:39:55',1),(7031,639510165,'27C1718F-38DF-4A60-B1FD-1829FCC8B5B5',1,0,'2020-10-14 08:39:55',1),(7032,639507100,'27C1718F-38DF-4A60-B1FD-1829FCC8B5B5',1,0,'2020-10-14 08:39:55',1),(7033,639508476,'27C1718F-38DF-4A60-B1FD-1829FCC8B5B5',1,0,'2020-10-14 08:39:56',1),(7034,639508873,'27C1718F-38DF-4A60-B1FD-1829FCC8B5B5',1,0,'2020-10-14 08:39:56',1),(7035,639506694,'27C1718F-38DF-4A60-B1FD-1829FCC8B5B5',1,0,'2020-10-14 08:39:56',1),(7036,639507320,'27C1718F-38DF-4A60-B1FD-1829FCC8B5B5',1,0,'2020-10-14 08:39:57',1),(7037,639507330,'27C1718F-38DF-4A60-B1FD-1829FCC8B5B5',1,0,'2020-10-14 08:39:57',1),(7038,639508920,'27C1718F-38DF-4A60-B1FD-1829FCC8B5B5',1,0,'2020-10-14 08:39:57',1),(7039,639508355,'27C1718F-38DF-4A60-B1FD-1829FCC8B5B5',1,0,'2020-10-14 08:39:57',1),(7040,639507060,'27C1718F-38DF-4A60-B1FD-1829FCC8B5B5',1,0,'2020-10-14 08:39:58',1),(7041,639507072,'27C1718F-38DF-4A60-B1FD-1829FCC8B5B5',1,0,'2020-10-14 08:39:58',1),(7042,639506698,'27C1718F-38DF-4A60-B1FD-1829FCC8B5B5',1,0,'2020-10-14 08:39:58',1),(7043,639508158,'27C1718F-38DF-4A60-B1FD-1829FCC8B5B5',1,0,'2020-10-14 08:39:59',1),(7044,639509621,'27C1718F-38DF-4A60-B1FD-1829FCC8B5B5',1,0,'2020-10-14 08:39:59',1),(7045,639509381,'27C1718F-38DF-4A60-B1FD-1829FCC8B5B5',1,0,'2020-10-14 08:39:59',1),(7046,639507485,'27C1718F-38DF-4A60-B1FD-1829FCC8B5B5',1,0,'2020-10-14 08:39:59',1),(7047,639507177,'27C1718F-38DF-4A60-B1FD-1829FCC8B5B5',1,0,'2020-10-14 08:40:00',1),(7048,639506727,'27C1718F-38DF-4A60-B1FD-1829FCC8B5B5',1,0,'2020-10-14 08:40:00',1),(7049,639508846,'27C1718F-38DF-4A60-B1FD-1829FCC8B5B5',1,0,'2020-10-14 08:40:00',1),(7050,639506686,'27C1718F-38DF-4A60-B1FD-1829FCC8B5B5',1,0,'2020-10-14 08:40:01',1),(7051,639507158,'27C1718F-38DF-4A60-B1FD-1829FCC8B5B5',1,0,'2020-10-14 08:40:01',1),(7052,639500312,'27C1718F-38DF-4A60-B1FD-1829FCC8B5B5',1,0,'2020-10-14 08:40:01',1),(7053,639508066,'27C1718F-38DF-4A60-B1FD-1829FCC8B5B5',1,0,'2020-10-14 08:40:01',1),(7054,639507142,'27C1718F-38DF-4A60-B1FD-1829FCC8B5B5',1,0,'2020-10-14 08:40:02',1),(7055,639508110,'27C1718F-38DF-4A60-B1FD-1829FCC8B5B5',1,0,'2020-10-14 08:40:02',1),(7056,639508956,'27C1718F-38DF-4A60-B1FD-1829FCC8B5B5',1,0,'2020-10-14 08:40:02',1),(7057,639509697,'27C1718F-38DF-4A60-B1FD-1829FCC8B5B5',1,0,'2020-10-14 08:40:03',1),(7058,639509551,'27C1718F-38DF-4A60-B1FD-1829FCC8B5B5',1,0,'2020-10-14 08:40:03',1),(7059,639508475,'27C1718F-38DF-4A60-B1FD-1829FCC8B5B5',1,0,'2020-10-14 08:40:03',1),(7060,639507105,'27C1718F-38DF-4A60-B1FD-1829FCC8B5B5',1,0,'2020-10-14 08:40:04',1),(7061,639509713,'27C1718F-38DF-4A60-B1FD-1829FCC8B5B5',1,0,'2020-10-14 08:40:04',1),(7062,639509004,'27C1718F-38DF-4A60-B1FD-1829FCC8B5B5',1,0,'2020-10-14 08:40:04',1),(7063,639509543,'27C1718F-38DF-4A60-B1FD-1829FCC8B5B5',1,0,'2020-10-14 08:40:04',1),(7064,639507161,'27C1718F-38DF-4A60-B1FD-1829FCC8B5B5',1,0,'2020-10-14 08:40:05',1),(7065,639509539,'27C1718F-38DF-4A60-B1FD-1829FCC8B5B5',1,0,'2020-10-14 08:40:05',1),(7066,639507461,'27C1718F-38DF-4A60-B1FD-1829FCC8B5B5',1,0,'2020-10-14 08:40:05',1),(7067,639508549,'27C1718F-38DF-4A60-B1FD-1829FCC8B5B5',1,0,'2020-10-14 08:40:06',1),(7068,639507114,'27C1718F-38DF-4A60-B1FD-1829FCC8B5B5',1,0,'2020-10-14 08:40:06',1),(7069,639507183,'27C1718F-38DF-4A60-B1FD-1829FCC8B5B5',1,0,'2020-10-14 08:40:06',1),(7070,639500795,'27C1718F-38DF-4A60-B1FD-1829FCC8B5B5',1,0,'2020-10-14 08:40:07',1),(7071,639507753,'27C1718F-38DF-4A60-B1FD-1829FCC8B5B5',1,0,'2020-10-14 08:40:07',1),(7072,639500324,'27C1718F-38DF-4A60-B1FD-1829FCC8B5B5',1,0,'2020-10-14 08:40:07',1),(7073,639507111,'27C1718F-38DF-4A60-B1FD-1829FCC8B5B5',1,0,'2020-10-14 08:40:07',1),(7074,639509547,'27C1718F-38DF-4A60-B1FD-1829FCC8B5B5',1,0,'2020-10-14 08:40:08',1),(7075,639506862,'27C1718F-38DF-4A60-B1FD-1829FCC8B5B5',1,0,'2020-10-14 08:40:08',1),(7076,639507712,'27C1718F-38DF-4A60-B1FD-1829FCC8B5B5',1,0,'2020-10-14 08:40:08',1),(7077,639507419,'27C1718F-38DF-4A60-B1FD-1829FCC8B5B5',1,0,'2020-10-14 08:40:08',1),(7078,639509481,'27C1718F-38DF-4A60-B1FD-1829FCC8B5B5',1,0,'2020-10-14 08:40:09',1),(7079,639506709,'27C1718F-38DF-4A60-B1FD-1829FCC8B5B5',1,0,'2020-10-14 08:40:09',1),(7080,639508202,'27C1718F-38DF-4A60-B1FD-1829FCC8B5B5',1,0,'2020-10-14 08:40:09',1),(7081,639505563,'27C1718F-38DF-4A60-B1FD-1829FCC8B5B5',1,0,'2020-10-14 08:40:09',1),(7082,639508152,'27C1718F-38DF-4A60-B1FD-1829FCC8B5B5',1,0,'2020-10-14 08:40:10',1),(7083,639509862,'27C1718F-38DF-4A60-B1FD-1829FCC8B5B5',1,0,'2020-10-14 08:40:10',1),(7084,639510225,'27C1718F-38DF-4A60-B1FD-1829FCC8B5B5',1,0,'2020-10-14 08:40:10',1),(7085,639507367,'27C1718F-38DF-4A60-B1FD-1829FCC8B5B5',1,0,'2020-10-14 08:40:11',1),(7086,639509714,'27C1718F-38DF-4A60-B1FD-1829FCC8B5B5',1,0,'2020-10-14 08:40:11',1),(7087,639509857,'27C1718F-38DF-4A60-B1FD-1829FCC8B5B5',1,0,'2020-10-14 08:40:11',1),(7088,639509538,'27C1718F-38DF-4A60-B1FD-1829FCC8B5B5',1,0,'2020-10-14 08:40:12',1),(7089,639508557,'27C1718F-38DF-4A60-B1FD-1829FCC8B5B5',1,0,'2020-10-14 08:40:12',1),(7090,639508902,'27C1718F-38DF-4A60-B1FD-1829FCC8B5B5',1,0,'2020-10-14 08:40:12',1),(7091,639507025,'27C1718F-38DF-4A60-B1FD-1829FCC8B5B5',1,0,'2020-10-14 08:40:12',1),(7092,639509711,'27C1718F-38DF-4A60-B1FD-1829FCC8B5B5',1,0,'2020-10-14 08:40:14',1),(7093,639507275,'27C1718F-38DF-4A60-B1FD-1829FCC8B5B5',1,0,'2020-10-14 08:40:14',1),(7094,639507107,'27C1718F-38DF-4A60-B1FD-1829FCC8B5B5',1,0,'2020-10-14 08:40:14',1),(7095,639508364,'27C1718F-38DF-4A60-B1FD-1829FCC8B5B5',1,0,'2020-10-14 08:40:14',1),(7096,639506683,'27C1718F-38DF-4A60-B1FD-1829FCC8B5B5',1,0,'2020-10-14 08:40:15',1),(7097,639508800,'27C1718F-38DF-4A60-B1FD-1829FCC8B5B5',1,0,'2020-10-14 08:40:15',1),(7098,639507304,'27C1718F-38DF-4A60-B1FD-1829FCC8B5B5',1,0,'2020-10-14 08:40:15',1),(7099,639508100,'27C1718F-38DF-4A60-B1FD-1829FCC8B5B5',1,0,'2020-10-14 08:40:16',1),(7100,639508186,'27C1718F-38DF-4A60-B1FD-1829FCC8B5B5',1,0,'2020-10-14 08:40:16',1),(7101,639508463,'27C1718F-38DF-4A60-B1FD-1829FCC8B5B5',1,0,'2020-10-14 08:40:16',1),(7102,639508948,'27C1718F-38DF-4A60-B1FD-1829FCC8B5B5',1,0,'2020-10-14 08:40:17',1),(7103,639508262,'27C1718F-38DF-4A60-B1FD-1829FCC8B5B5',1,0,'2020-10-14 08:40:17',1),(7104,639506693,'27C1718F-38DF-4A60-B1FD-1829FCC8B5B5',1,0,'2020-10-14 08:40:17',1),(7105,639504986,'27C1718F-38DF-4A60-B1FD-1829FCC8B5B5',1,0,'2020-10-14 08:40:18',1),(7106,639508533,'27C1718F-38DF-4A60-B1FD-1829FCC8B5B5',1,0,'2020-10-14 08:40:18',1),(7107,639509515,'27C1718F-38DF-4A60-B1FD-1829FCC8B5B5',1,0,'2020-10-14 08:40:18',1),(7108,639506706,'27C1718F-38DF-4A60-B1FD-1829FCC8B5B5',1,0,'2020-10-14 08:40:18',1),(7109,639508499,'27C1718F-38DF-4A60-B1FD-1829FCC8B5B5',1,0,'2020-10-14 08:40:19',1),(7110,639507338,'27C1718F-38DF-4A60-B1FD-1829FCC8B5B5',1,0,'2020-10-14 08:40:19',1),(7111,639508346,'27C1718F-38DF-4A60-B1FD-1829FCC8B5B5',1,0,'2020-10-14 08:40:19',1),(7112,639507323,'27C1718F-38DF-4A60-B1FD-1829FCC8B5B5',1,0,'2020-10-14 08:40:20',1),(7113,639507424,'27C1718F-38DF-4A60-B1FD-1829FCC8B5B5',1,0,'2020-10-14 08:40:20',1),(7114,639508174,'27C1718F-38DF-4A60-B1FD-1829FCC8B5B5',1,0,'2020-10-14 08:40:20',1),(7115,639508266,'27C1718F-38DF-4A60-B1FD-1829FCC8B5B5',1,0,'2020-10-14 08:40:20',1),(7116,639508333,'27C1718F-38DF-4A60-B1FD-1829FCC8B5B5',1,0,'2020-10-14 08:40:21',1),(7117,639507901,'E744EA4B-3650-4A4A-856A-32A89E83B30E',1,0,'2020-10-14 08:40:24',1),(7118,639508588,'E744EA4B-3650-4A4A-856A-32A89E83B30E',1,0,'2020-10-14 08:40:24',1),(7119,639508830,'9CBE693A-5AA8-4625-9082-3C80D664F158',1,0,'2020-10-14 08:40:27',1),(7120,639510035,'9CBE693A-5AA8-4625-9082-3C80D664F158',1,0,'2020-10-14 08:40:27',1),(7121,639509061,'9CBE693A-5AA8-4625-9082-3C80D664F158',1,0,'2020-10-14 08:40:27',1),(7122,639502028,'9CBE693A-5AA8-4625-9082-3C80D664F158',1,0,'2020-10-14 08:40:28',1),(7123,639510275,'9CBE693A-5AA8-4625-9082-3C80D664F158',1,0,'2020-10-14 08:40:28',1),(7124,639509328,'9CBE693A-5AA8-4625-9082-3C80D664F158',1,0,'2020-10-14 08:40:28',1),(7125,639508378,'8D5C76D8-7FF4-44B2-B50B-46516DE19277',1,0,'2020-10-14 08:40:31',1),(7126,639508451,'8D5C76D8-7FF4-44B2-B50B-46516DE19277',1,0,'2020-10-14 08:40:31',1),(7127,639507989,'8D5C76D8-7FF4-44B2-B50B-46516DE19277',1,0,'2020-10-14 08:40:32',1),(7128,639508921,'8D5C76D8-7FF4-44B2-B50B-46516DE19277',1,0,'2020-10-14 08:40:32',1),(7129,639508473,'8D5C76D8-7FF4-44B2-B50B-46516DE19277',1,0,'2020-10-14 08:40:32',1),(7130,639509039,'8D5C76D8-7FF4-44B2-B50B-46516DE19277',1,0,'2020-10-14 08:40:32',1),(7131,639510297,'8D5C76D8-7FF4-44B2-B50B-46516DE19277',1,0,'2020-10-14 08:40:33',1),(7132,639509238,'8D5C76D8-7FF4-44B2-B50B-46516DE19277',1,0,'2020-10-14 08:40:33',1),(7133,639509364,'8D5C76D8-7FF4-44B2-B50B-46516DE19277',1,0,'2020-10-14 08:40:33',1),(7134,639500636,'8D5C76D8-7FF4-44B2-B50B-46516DE19277',1,0,'2020-10-14 08:40:34',1),(7135,639509015,'8D5C76D8-7FF4-44B2-B50B-46516DE19277',1,0,'2020-10-14 08:40:34',1),(7136,639509035,'8D5C76D8-7FF4-44B2-B50B-46516DE19277',1,0,'2020-10-14 08:40:34',1),(7137,639508399,'8D5C76D8-7FF4-44B2-B50B-46516DE19277',1,0,'2020-10-14 08:40:34',1),(7138,639507900,'8D5C76D8-7FF4-44B2-B50B-46516DE19277',1,0,'2020-10-14 08:40:35',1),(7139,639508245,'8D5C76D8-7FF4-44B2-B50B-46516DE19277',1,0,'2020-10-14 08:40:35',1),(7140,639507840,'8D5C76D8-7FF4-44B2-B50B-46516DE19277',1,0,'2020-10-14 08:40:35',1),(7141,639508237,'8D5C76D8-7FF4-44B2-B50B-46516DE19277',1,0,'2020-10-14 08:40:36',1),(7142,639508411,'8D5C76D8-7FF4-44B2-B50B-46516DE19277',1,0,'2020-10-14 08:40:36',1),(7143,639509017,'8D5C76D8-7FF4-44B2-B50B-46516DE19277',1,0,'2020-10-14 08:40:36',1),(7144,639505267,'8D5C76D8-7FF4-44B2-B50B-46516DE19277',1,0,'2020-10-14 08:40:37',1),(7145,639501582,'8D5C76D8-7FF4-44B2-B50B-46516DE19277',1,0,'2020-10-14 08:40:37',1),(7146,639510143,'8D5C76D8-7FF4-44B2-B50B-46516DE19277',1,0,'2020-10-14 08:40:37',1),(7147,639509323,'8D5C76D8-7FF4-44B2-B50B-46516DE19277',1,0,'2020-10-14 08:40:37',1),(7148,639509020,'8D5C76D8-7FF4-44B2-B50B-46516DE19277',1,0,'2020-10-14 08:40:38',1),(7149,639508417,'8D5C76D8-7FF4-44B2-B50B-46516DE19277',1,0,'2020-10-14 08:40:38',1),(7150,639508006,'8D5C76D8-7FF4-44B2-B50B-46516DE19277',1,0,'2020-10-14 08:40:38',1),(7151,639508026,'8D5C76D8-7FF4-44B2-B50B-46516DE19277',1,0,'2020-10-14 08:40:39',1),(7152,639509042,'8D5C76D8-7FF4-44B2-B50B-46516DE19277',1,0,'2020-10-14 08:40:39',1),(7153,639508818,'8D5C76D8-7FF4-44B2-B50B-46516DE19277',1,0,'2020-10-14 08:40:39',1),(7154,639508274,'8D5C76D8-7FF4-44B2-B50B-46516DE19277',1,0,'2020-10-14 08:40:40',1),(7155,639508436,'8D5C76D8-7FF4-44B2-B50B-46516DE19277',1,0,'2020-10-14 08:40:40',1),(7156,639508275,'8D5C76D8-7FF4-44B2-B50B-46516DE19277',1,0,'2020-10-14 08:40:40',1),(7157,639508937,'8D5C76D8-7FF4-44B2-B50B-46516DE19277',1,0,'2020-10-14 08:40:41',1),(7158,639509045,'8D5C76D8-7FF4-44B2-B50B-46516DE19277',1,0,'2020-10-14 08:40:41',1),(7159,639508800,'8D5C76D8-7FF4-44B2-B50B-46516DE19277',1,0,'2020-10-14 08:40:41',1),(7160,639508993,'8D5C76D8-7FF4-44B2-B50B-46516DE19277',1,0,'2020-10-14 08:40:42',1),(7161,639509022,'8D5C76D8-7FF4-44B2-B50B-46516DE19277',1,0,'2020-10-14 08:40:42',1),(7162,639508117,'8D5C76D8-7FF4-44B2-B50B-46516DE19277',1,0,'2020-10-14 08:40:42',1),(7163,639502028,'8D5C76D8-7FF4-44B2-B50B-46516DE19277',1,0,'2020-10-14 08:40:42',1),(7164,639508199,'8D5C76D8-7FF4-44B2-B50B-46516DE19277',1,0,'2020-10-14 08:40:43',1),(7165,639501834,'8D5C76D8-7FF4-44B2-B50B-46516DE19277',1,0,'2020-10-14 08:40:43',1),(7166,639507851,'8D5C76D8-7FF4-44B2-B50B-46516DE19277',1,0,'2020-10-14 08:40:43',1),(7167,639507751,'8D5C76D8-7FF4-44B2-B50B-46516DE19277',1,0,'2020-10-14 08:40:43',1),(7168,639509267,'8D5C76D8-7FF4-44B2-B50B-46516DE19277',1,0,'2020-10-14 08:40:44',1),(7169,639504986,'8D5C76D8-7FF4-44B2-B50B-46516DE19277',1,0,'2020-10-14 08:40:44',1),(7170,639508194,'8D5C76D8-7FF4-44B2-B50B-46516DE19277',1,0,'2020-10-14 08:40:44',1),(7171,639504607,'8D5C76D8-7FF4-44B2-B50B-46516DE19277',1,0,'2020-10-14 08:40:45',1),(7172,639508191,'8D5C76D8-7FF4-44B2-B50B-46516DE19277',1,0,'2020-10-14 08:40:45',1),(7173,639507855,'8D5C76D8-7FF4-44B2-B50B-46516DE19277',1,0,'2020-10-14 08:40:45',1),(7174,639507739,'8D5C76D8-7FF4-44B2-B50B-46516DE19277',1,0,'2020-10-14 08:40:45',1),(7175,639510364,'8D5C76D8-7FF4-44B2-B50B-46516DE19277',1,0,'2020-10-14 08:40:46',1),(7176,639508332,'8D5C76D8-7FF4-44B2-B50B-46516DE19277',1,0,'2020-10-14 08:40:46',1),(7177,639507844,'8D5C76D8-7FF4-44B2-B50B-46516DE19277',1,0,'2020-10-14 08:40:46',1),(7178,639507734,'8D5C76D8-7FF4-44B2-B50B-46516DE19277',1,0,'2020-10-14 08:40:46',1),(7179,639509251,'8D5C76D8-7FF4-44B2-B50B-46516DE19277',1,0,'2020-10-14 08:40:47',1),(7180,639508415,'8D5C76D8-7FF4-44B2-B50B-46516DE19277',1,0,'2020-10-14 08:40:47',1),(7181,639508053,'8D5C76D8-7FF4-44B2-B50B-46516DE19277',1,0,'2020-10-14 08:40:47',1),(7182,639509157,'8D5C76D8-7FF4-44B2-B50B-46516DE19277',1,0,'2020-10-14 08:40:48',1),(7183,639508964,'8D5C76D8-7FF4-44B2-B50B-46516DE19277',1,0,'2020-10-14 08:40:48',1),(7184,639504172,'E5FD3A15-5A84-4CC6-8484-4BC90247831A',1,0,'2020-10-14 08:40:51',1),(7185,639508738,'E5FD3A15-5A84-4CC6-8484-4BC90247831A',1,0,'2020-10-14 08:40:51',1),(7186,639500636,'E5FD3A15-5A84-4CC6-8484-4BC90247831A',1,0,'2020-10-14 08:40:51',1),(7187,639508849,'E5FD3A15-5A84-4CC6-8484-4BC90247831A',1,0,'2020-10-14 08:40:51',1),(7188,639508640,'E5FD3A15-5A84-4CC6-8484-4BC90247831A',1,0,'2020-10-14 08:40:52',1),(7189,639508651,'E5FD3A15-5A84-4CC6-8484-4BC90247831A',1,0,'2020-10-14 08:40:52',1),(7190,639508882,'E5FD3A15-5A84-4CC6-8484-4BC90247831A',1,0,'2020-10-14 08:40:52',1),(7191,639510238,'E5FD3A15-5A84-4CC6-8484-4BC90247831A',1,0,'2020-10-14 08:40:53',1),(7192,639508879,'E5FD3A15-5A84-4CC6-8484-4BC90247831A',1,0,'2020-10-14 08:40:53',1),(7193,639510224,'E5FD3A15-5A84-4CC6-8484-4BC90247831A',1,0,'2020-10-14 08:40:53',1),(7194,639507304,'E5FD3A15-5A84-4CC6-8484-4BC90247831A',1,0,'2020-10-14 08:40:53',1),(7195,639508867,'E5FD3A15-5A84-4CC6-8484-4BC90247831A',1,0,'2020-10-14 08:40:54',1),(7196,639508665,'E5FD3A15-5A84-4CC6-8484-4BC90247831A',1,0,'2020-10-14 08:40:54',1),(7197,639508890,'E5FD3A15-5A84-4CC6-8484-4BC90247831A',1,0,'2020-10-14 08:40:54',1),(7198,639508796,'E5FD3A15-5A84-4CC6-8484-4BC90247831A',1,0,'2020-10-14 08:40:55',1),(7199,639508622,'E5FD3A15-5A84-4CC6-8484-4BC90247831A',1,0,'2020-10-14 08:40:55',1),(7200,639508667,'E5FD3A15-5A84-4CC6-8484-4BC90247831A',1,0,'2020-10-14 08:40:55',1),(7201,639505481,'E5FD3A15-5A84-4CC6-8484-4BC90247831A',1,0,'2020-10-14 08:40:55',1),(7202,639508708,'E5FD3A15-5A84-4CC6-8484-4BC90247831A',1,0,'2020-10-14 08:40:56',1),(7203,639508623,'E5FD3A15-5A84-4CC6-8484-4BC90247831A',1,0,'2020-10-14 08:40:56',1),(7204,639508848,'E5FD3A15-5A84-4CC6-8484-4BC90247831A',1,0,'2020-10-14 08:40:57',1),(7205,639507792,'E5FD3A15-5A84-4CC6-8484-4BC90247831A',1,0,'2020-10-14 08:40:57',1),(7206,639508620,'E5FD3A15-5A84-4CC6-8484-4BC90247831A',1,0,'2020-10-14 08:40:57',1),(7207,639509063,'E5FD3A15-5A84-4CC6-8484-4BC90247831A',1,0,'2020-10-14 08:40:58',1),(7208,639508639,'E5FD3A15-5A84-4CC6-8484-4BC90247831A',1,0,'2020-10-14 08:40:58',1),(7209,639508755,'E5FD3A15-5A84-4CC6-8484-4BC90247831A',1,0,'2020-10-14 08:40:58',1),(7210,639508889,'E5FD3A15-5A84-4CC6-8484-4BC90247831A',1,0,'2020-10-14 08:40:58',1),(7211,639508754,'E5FD3A15-5A84-4CC6-8484-4BC90247831A',1,0,'2020-10-14 08:40:59',1),(7212,639508637,'E5FD3A15-5A84-4CC6-8484-4BC90247831A',1,0,'2020-10-14 08:40:59',1),(7213,639508842,'E5FD3A15-5A84-4CC6-8484-4BC90247831A',1,0,'2020-10-14 08:40:59',1),(7214,639508748,'E5FD3A15-5A84-4CC6-8484-4BC90247831A',1,0,'2020-10-14 08:41:00',1),(7215,639501053,'E5FD3A15-5A84-4CC6-8484-4BC90247831A',1,0,'2020-10-14 08:41:00',1),(7216,639508878,'E5FD3A15-5A84-4CC6-8484-4BC90247831A',1,0,'2020-10-14 08:41:00',1),(7217,639508642,'E5FD3A15-5A84-4CC6-8484-4BC90247831A',1,0,'2020-10-14 08:41:00',1),(7218,639508633,'E5FD3A15-5A84-4CC6-8484-4BC90247831A',1,0,'2020-10-14 08:41:01',1),(7219,639508886,'E5FD3A15-5A84-4CC6-8484-4BC90247831A',1,0,'2020-10-14 08:41:01',1),(7220,639508866,'E5FD3A15-5A84-4CC6-8484-4BC90247831A',1,0,'2020-10-14 08:41:01',1),(7221,639508921,'E5FD3A15-5A84-4CC6-8484-4BC90247831A',1,0,'2020-10-14 08:41:01',1),(7222,639510249,'E5FD3A15-5A84-4CC6-8484-4BC90247831A',1,0,'2020-10-14 08:41:02',1),(7223,639508826,'E5FD3A15-5A84-4CC6-8484-4BC90247831A',1,0,'2020-10-14 08:41:02',1),(7224,639508624,'E5FD3A15-5A84-4CC6-8484-4BC90247831A',1,0,'2020-10-14 08:41:02',1),(7225,639508850,'E5FD3A15-5A84-4CC6-8484-4BC90247831A',1,0,'2020-10-14 08:41:03',1),(7226,639508629,'E5FD3A15-5A84-4CC6-8484-4BC90247831A',1,0,'2020-10-14 08:41:03',1),(7227,639508630,'E5FD3A15-5A84-4CC6-8484-4BC90247831A',1,0,'2020-10-14 08:41:03',1),(7228,639508883,'E5FD3A15-5A84-4CC6-8484-4BC90247831A',1,0,'2020-10-14 08:41:04',1),(7229,639508877,'E5FD3A15-5A84-4CC6-8484-4BC90247831A',1,0,'2020-10-14 08:41:04',1),(7230,639510085,'E599720A-4083-4B01-A60F-540457BECAE5',1,0,'2020-10-14 08:41:07',1),(7231,639508553,'F8375131-8B80-4299-9BCE-ADC60FF40CFB',1,0,'2020-10-14 08:41:09',1),(7232,639509475,'F8375131-8B80-4299-9BCE-ADC60FF40CFB',1,0,'2020-10-14 08:41:10',1),(7233,639509549,'91129767-4CD3-46F1-9738-C522011134C8',1,0,'2020-10-14 08:41:12',1),(7234,639509328,'4C77EE58-8532-46EE-8AA9-D0C792A5B6D2',1,0,'2020-10-14 08:41:17',1),(7235,639509408,'4C77EE58-8532-46EE-8AA9-D0C792A5B6D2',1,0,'2020-10-14 08:41:17',1),(7236,639504849,'4C77EE58-8532-46EE-8AA9-D0C792A5B6D2',1,0,'2020-10-14 08:41:17',1),(7237,639509281,'4C77EE58-8532-46EE-8AA9-D0C792A5B6D2',1,0,'2020-10-14 08:41:18',1),(7238,639510224,'4C77EE58-8532-46EE-8AA9-D0C792A5B6D2',1,0,'2020-10-14 08:41:18',1);
/*!40000 ALTER TABLE `tbstudentcourse` ENABLE KEYS */;
UNLOCK TABLES;
/*!40103 SET TIME_ZONE=@OLD_TIME_ZONE */;

/*!40101 SET SQL_MODE=@OLD_SQL_MODE */;
/*!40014 SET FOREIGN_KEY_CHECKS=@OLD_FOREIGN_KEY_CHECKS */;
/*!40014 SET UNIQUE_CHECKS=@OLD_UNIQUE_CHECKS */;
/*!40101 SET CHARACTER_SET_CLIENT=@OLD_CHARACTER_SET_CLIENT */;
/*!40101 SET CHARACTER_SET_RESULTS=@OLD_CHARACTER_SET_RESULTS */;
/*!40101 SET COLLATION_CONNECTION=@OLD_COLLATION_CONNECTION */;
/*!40111 SET SQL_NOTES=@OLD_SQL_NOTES */;

-- Dump completed on 2020-10-14 15:56:03
